,nom,siren,nature
0,Haut - Bugey Agglomération,200042935,CA
1,CA du Bassin de Bourg-en-Bresse,200071751,CA
2,CA du Pays de Gex,240100750,CA
3,CC Rives de l'Ain - Pays du Cerdon,200029999,CC
4,CC Bugey Sud,200040350,CC
5,CC Dombes Saône Vallée,200042497,CC
6,CC de la Dombes,200069193,CC
7,CC Val de Saône Centre,200070118,CC
8,CC de la Veyle,200070555,CC
9,CC Bresse et Saône,200071371,CC
10,CC de la Côtière à Montluel,240100610,CC
11,CC de Miribel et du Plateau,240100800,CC
12,CC de la Plaine de l'Ain,240100883,CC
13,CC du Pays Bellegardien (CCPB),240100891,CC
14,SM intercommunal de destruction des ordures ménagères Veyle Saône,250101086,SMF
15,SM de traitement des déchets ménagers et assimilés (ORGANOM),250102365,SMF
16,SM pour le traitement des déchets ménagers et assimilés (SM de Crocu),250102373,SMF
17,SM intercommunal de gestion des déchets du Faucigny Genevois (SIDEFAGE),257401620,SMF
18,CA du Pays de Laon,200043495,CA
19,CA Chauny Tergnier La Fère,200071785,CA
20,CA du Saint-Quentinois,200071892,CA
21,CA de la Région de Château-Thierry,200072031,CA
22,GrandSoissons Agglomération,240200477,CA
23,CC du Val de l'Oise,200040426,CC
24,CC Picardie des Châteaux,200071769,CC
25,CC Thiérache Sambre et Oise,200071983,CC
26,CC Retz en Valois,200071991,CC
27,CC de la Thiérache du Centre,240200444,CC
28,CC du Pays de la Serre,240200469,CC
29,CC du Pays du Vermandois,240200493,CC
30,CC du Val de l'Aisne,240200501,CC
31,CC du Canton d'Oulchy le Château,240200519,CC
32,CC de la Champagne Picarde,240200576,CC
33,CC du Canton de Charly sur Marne,240200584,CC
34,CC du Chemin des Dames,240200592,CC
35,CC des Trois Rivières,240200600,CC
36,CC des Portes de la Thiérache,240200634,CC
37,SI de ramassage et de traitement des ordures ménagères (SIRTOM) de la région de Laon ,250200383,SMF
38,Valor'Aisne (Syndicat départemental de traitement des déchets ménagers de l'Aisne),250208790,SMO
39,PETR - UCCSA (Union des CC du Sud de l'Aisne),200051100,PETR
40,PETR du Pays de Thiérache,200051118,PETR
41,PETR du Soissonnais et du Valois,200085694,PETR
42,CA Montluçon Communauté,200071082,CA
43,CA Moulins Communauté,200071140,CA
44,CA Vichy Communauté,200071363,CA
45,CC Saint-Pourçain Sioule Limagne,200071389,CC
46,CC Entr'Allier Besbre et Loire,200071470,CC
47,CC du Bocage Bourbonnais,200071496,CC
48,CC Commentry Montmarault Néris Communauté,200071512,CC
49,CC du Pays de Lapalisse,240300491,CC
50,CC du Pays de Tronçais,240300558,CC
51,CC du Val de Cher,240300566,CC
52,CC du Pays d'Huriel,240300657,CC
53,SI de collecte et de traitement des ordures ménagères (SICTOM) Sud-Allier,250300050,SMF
54,SM de collecte et de traitement des ordures ménagères Nord-Allier (SICTOM Nord Allier),250300217,SMF
55,SI de collecte et de traitement des ordures ménagères (SICTOM) du secteur de Cérilly,250303039,SMF
56,SM intercommunal de collecte et de traitement d'ordures ménagères de la région montluçonnaise,250303294,SMF
57,PETR du Pays de la vallée de Montluçon et du Cher,200051753,PETR
58,CA Durance-Lubéron-Verdon Agglomération,200034700,CA
59,CA Provence-Alpes-Agglomération,200067437,CA
60,"CC Alpes-Provence-Verdon ""Sources de lumière""",200068625,CC
61,CC du Sisteronais-Buëch,200068765,CC
62,CC Haute-Provence-Pays de Banon,200071025,CC
63,CC Jabron-Lure-Vançon-Durance,200071033,CC
64,CC Vallée de l'Ubaye - Serre-Ponçon,200072304,CC
65,CC Pays Forcalquier et Montagne de Lure,240400440,CC
66,SM départemental d'élimination et de valorisation des ordures ménagères (SYDEVOM) des Alpes-de-Haute-Provence,250401221,SMO
67,CA Gap-Tallard-Durance,200067825,CA
68,CC Serre-Ponçon Val d'Avance,200067320,CC
69,CC Buëch-Dévoluy,200067445,CC
70,CC du Guillestrois et du Queyras,200067452,CC
71,CC Serre-Ponçon,200067742,CC
72,CC Champsaur-Valgaudemar,200068096,CC
73,CC du Briançonnais,240500439,CC
74,CC du Pays des Ecrins,240500462,CC
75,"Syndicat Mixte de Traitement des Ordures Ménagères du Guillestrois, du Queyras et de l'Argentiérois (SMITOMGA)",250500790,SMF
76,"PETR du Briançonnais, des Ecrins, du Guillestrois et du Queyras",200052801,PETR
77,Métropole Nice Côte d'Azur,200030195,METRO
78,CA du Pays de Grasse,200039857,CA
79,CA Cannes Pays de Lérins,200039915,CA
80,CA de la Riviera Française,240600551,CA
81,CA de Sophia Antipolis,240600585,CA
82,CC Alpes d'Azur,200039931,CC
83,CC du Pays des Paillons,240600593,CC
84,SIVOM de Valberg,240600023,SIVOM
85,SM d'élimination des déchets (SMED),200000586,SMO
86,SM pour la valorisation des déchets UNIVALOM,200046076,SMO
87,CA Privas Centre Ardèche,200071413,CA
88,CA Annonay Rhône Agglo,200072015,CA
89,CA Arche Agglo,200073096,CA
90,CC du Pays de Lamastre,200016905,CC
91,CC des Gorges de l'Ardèche,200039808,CC
92,CC Ardèche des Sources et Volcans,200039824,CC
93,CC Pays des Vans en Cévennes,200039832,CC
94,CC Rhône Crussol,200041366,CC
95,CC Val Eyrieux,200041465,CC
96,CC Ardèche Rhône Coiron,200071405,CC
97,CC de la Montagne d'Ardèche,200072007,CC
98,CC du Bassin d'Aubenas,200073245,CC
99,CC du Pays Beaume-Drobie,240700302,CC
100,CC Val de Ligne,240700617,CC
101,CC du Val d'Ay,240700716,CC
102,CC Berg et Coiron,240700815,CC
103,CC du Rhône aux Gorges de l'Ardèche,240700864,CC
104,SI de collecte et de traitement des ordures ménagères du secteur Eyrieux-Doux (SICTOMSED),250700135,SMF
105,SI de collecte et de traitement des ordures ménagères de la Basse-Ardèche (SICTOBA),250700218,SMF
106,Syndicat pour la destruction des ordures ménagères du secteur d'Aubenas (SIDOMSA),250701851,SMF
107,Ardenne Métropole,200041630,CA
108,CC Ardennes Thiérache,200041622,CC
109,CC du Pays Réthelois,200043156,CC
110,CC Vallées et Plateau d'Ardenne,200067759,CC
111,"CC Ardenne, Rives de Meuse",240800821,CC
112,CC des Portes du Luxembourg,240800847,CC
113,CC des Crêtes Préardennaises,240800862,CC
114,CC de l'Argonne Ardennaise,240800920,CC
115,"SM du SCOT ""Nord Ardennes""",200088730,SMF
116,SICOMAR de l'arrondissement de Réthel,250800646,SMF
117,SM de traitement des déchets Ardennais (VALODEA),250800489,SMO
118,CA Pays Foix-Varilhes,200067791,CA
119,CC du Pays de Mirepoix,200044469,CC
120,CC Arize Lèze,200066223,CC
121,CC des Portes d'Ariège Pyrénées,200066231,CC
122,CC de la Haute Ariège,200066363,CC
123,CC Couserans-Pyrénées,200067940,CC
124,CC du Pays de Tarascon,240900431,CC
125,CC du Pays d'Olmes,240900464,CC
126,"SM d'étude, de collecte et de traitement des déchets ménagers et assimilés du Plantaurel (SMECTOM du Plantaurel)",240900399,SMF
127,PETR de l'Ariège,200051076,PETR
128,CA Troyes Champagne Métropole,200069250,CA
129,CC des Portes de Romilly sur Seine,200000545,CC
130,CC du Nogentais,200006716,CC
131,CC des Lacs de Champagne,200040137,CC
132,CC de Vendeuvre-Soulaines,200066892,CC
133,CC du Barséquanais en Champagne,200069003,CC
134,CC Seine et Aube,200070126,CC
135,CC du Chaourçois et du Val d'Armance,200071041,CC
136,"CC d'Arcis, Mailly, Ramerupt",200071777,CC
137,"CC Forêts, Lacs, Terres en Champagne",241000223,CC
138,CC de la Région de Bar sur Aube,241000405,CC
139,CC du Pays d'Othe,241000447,CC
140,CC de l'Orvin et de l'Ardusson,241000488,CC
141,SM d'élimination des déchets ménagers du territoire d'Orient,251002515,SMF
142,Syndicat départemental d'élimination des déchets de l'Aube (SDEDA),251002531,SMO
143,SM Seine en plaine champenoise,200075471,PETR
144,PETR Othe-Armance,200077873,PETR
145,CA Carcassonne Agglo,200035715,CA
146,CA Le Grand Narbonne,241100593,CA
147,CC Piège Lauragais Malepère,200035707,CC
148,CC Castelnaudary Lauragais Audois,200035855,CC
149,"CC Région Lézignanaise, Corbières et Minervois",200035863,CC
150,CC de la Montagne Noire,200042463,CC
151,CC Pyrénées audoises,200043776,CC
152,CC du Limouxin,200071926,CC
153,COVALDEM 11 ,200036101,SMF
154,SMICTOM de l'Ouest Audois,251100236,SMF
155,PETR Vallée de l'Aude,200077964,PETR
156,CA Rodez Agglomération,241200187,CA
157,CC Decazeville Communauté,200067064,CC
158,"CC Saint Affricain, Roquefort, Sept Vallons",200067155,CC
159,"CC Monts, Rance et Rougier",200067163,CC
160,"CC Aubrac, Carladez et Viadène",200067171,CC
161,CC Comtal Lot et Truyère,200067478,CC
162,CC des Causses à l'Aubrac,200068484,CC
163,Pays Ségali Communauté,200068831,CC
164,Ouest Aveyron Communauté,200069383,CC
165,CC du Réquistanais,241200542,CC
166,CC de Millau Grands Causses,241200567,CC
167,CC du Pays Rignacois,241200625,CC
168,CC Conques-Marcillac,241200641,CC
169,CC du Pays de Salars,241200658,CC
170,CC du Plateau de Montbazens,241200674,CC
171,CC de Lévézou Pareloup,241200765,CC
172,CC Aveyron Bas Ségala Viaur,241200807,CC
173,CC Larzac et Vallées,241200906,CC
174,CC de la Muse et des Raspes du Tarn,241200914,CC
175,SMICTOM Nord Aveyron,251200978,SMF
176,SM départemental pour le traitement et la valorisation des déchets ménagers et assimilés (SYDOM Aveyron),251201588,SMO
177,PETR Centre Ouest Aveyron,200050565,PETR
178,PETR du Haut Rouergue,200050573,PETR
179,PETR du Lévézou,200050615,PETR
180,Métropole d'Aix-Marseille-Provence,200054807,METRO
181,CA Terre de Provence,200035087,CA
182,CA d'Arles-Crau-Camargue-Montagnette,241300417,CA
183,CC  Vallée des Baux-Alpilles (CC VBA),241300375,CC
184,PETR du Pays d'Arles,200076289,PETR
185,CU Caen la Mer,200065597,CU
186,CA Lisieux Normandie,200069532,CA
187,CC Normandie-Cabourg-Pays d'Auge,200065563,CC
188,CC Val ès Dunes,200065589,CC
189,CC Cingal-Suisse Normande,200066710,CC
190,CC Vallées de l'Orne et de l'Odon,200066728,CC
191,CC Isigny-Omaha Intercom,200066801,CC
192,CC du Pays de Honfleur-Beuzeville,200066827,CC
193,CC Intercom de la Vire au Noireau,200068799,CC
194,CC Seulles Terre et Mer,200069516,CC
195,CC Pré-Bocage Intercom,200069524,CC
196,CC Coeur Côte Fleurie,241400415,CC
197,CC du Pays de Falaise,241400514,CC
198,CC de Bayeux Intercom,241400555,CC
199,CC Coeur de Nacre,241400860,CC
200,CC Terre d'Auge,241400878,CC
201,SM intercommunal des surplus ménagers du Bessin (COLLECTEA),251402723,SMF
202,SM SICTOM de la Bruyère,251402756,SMF
203,SM traitement valorisation des déchets ménagers région Ouest Calvados (SEROC),251405031,SMF
204,CA du Bassin d'Aurillac,241500230,CA
205,CC Hautes Terres,200066637,CC
206,CC de Saint-Flour,200066660,CC
207,CC de la Châtaigneraie Cantalienne,200066678,CC
208,CC du Pays Gentiane,241500255,CC
209,CC du Pays de Mauriac,241500271,CC
210,CC Sumène - Artense,241501055,CC
211,CC Cère et Goul en Carladès,241501089,CC
212,CC du Pays de Salers,241501139,CC
213,"SM du SCOT du bassin d'Aurillac, du Carladès et de la Châtaigneraie",200038149,SMF
214,"SM d'élimination des ordures ménagères de la région de Mauriac, Pléaux, Salers, Saint-Cernin (SIETOM de Drugeac)",251500963,SMF
215,SM de la station du Lioran,251500948,SMO
216,SM du lac de Garabit-Grandval,251502944,SMO
217,Syndicat des territoires de l'Est Cantal,200093995,PETR
218,CA du Grand Cognac,200070514,CA
219,CA du Grand Angoulême,200071827,CA
220,CC des 4B Sud Charente,200029734,CC
221,CC Val de Charente,200043016,CC
222,CC La Rochefoucauld - Porte du Périgord,200068914,CC
223,CC Lavalette Tude Dronne,200070282,CC
224,CC Coeur de Charente,200072023,CC
225,CC de Charente Limousine,200072049,CC
226,CC du Rouillacais,241600303,CC
227,Syndicat de valorisation des déchets ménagers de la Charente (CALITOM),251602660,SMF
228,Pôle Territorial Ouest Charente Pays du Cognac,200048858,PETR
229,PETR du Pays du Ruffécois,200050094,PETR
230,CA de Saintes,200036473,CA
231,CA Rochefort Océan,200041762,CA
232,CA de La Rochelle,241700434,CA
233,CA Royan Atlantique,241700640,CA
234,CC Aunis Atlantique,200041499,CC
235,CC de la Haute Saintonge,200041523,CC
236,CC Aunis Sud,200041614,CC
237,Vals de Saintonge Communauté,200041689,CC
238,CC de l'Ile de Ré,241700459,CC
239,CC Coeur de Saintonge,241700517,CC
240,CC de l'Ile d'Oléron,241700624,CC
241,CC de Gémozac et de la Saintonge Viticole,241700632,CC
242,CC du Bassin de Marennes,241700699,CC
243,SM CYCLAD,251701900,SMF
244,Syndicat intercommunautaire du littoral,251710687,SMF
245,Pôle Marennes-Oléron,200050334,PETR
246,CA Bourges Plus,241800507,CA
247,CC Sauldre et Sologne,200000933,CC
248,CC Pays de Nérondes,200007177,CC
249,CC Portes du Berry entre Loire et Val d'Aubois,200011781,CC
250,CC Arnon Boischaut Cher,200027076,CC
251,CC Berry-Loire-Vauvise,200032514,CC
252,CC Coeur de France,200036135,CC
253,CC Berry Grand Sud,200049484,CC
254,CC Terres du Haut Berry,200066330,CC
255,CC Pays Fort Sancerrois Val de Loire,200069227,CC
256,CC Coeur de Berry,200070571,CC
257,CC Vierzon-Sologne-Berry,200090561,CC
258,CC la Septaine,241800374,CC
259,CC le Dunois,241800424,CC
260,CC les Trois Provinces,241800432,CC
261,CC Fercher Pays Florentais,241800457,CC
262,"SM de collecte et de traitement des résidus ménagers des régions de Léré, Sancerre et Vailly-sur-Sauldre",200033140,SMF
263,SMIRTOM du Saint Amandois,251801817,SMF
264,SICTREM de Baugy,251887873,SMF
265,Centre-Cher,200087849,PETR
266,CA du Bassin de Brive,200043172,CA
267,CA Tulle Agglo,241927201,CA
268,CC du Pays de Lubersac-Pompadour,200066603,CC
269,CC Vézère-Monédières-Millesources,200066645,CC
270,CC Haute-Corrèze Communauté,200066744,CC
271,CC Xaintrie Val'Dordogne,200066751,CC
272,CC Midi Corrézien,200066769,CC
273,CC de Ventadour - Egletons - Monédières,241900133,CC
274,CC du Pays d'Uzerche,241927243,CC
275,SIVU d'Ambrugeat-Davignac,251907101,SIVU
276,SM pour le ramassage et le traitement des ordures ménagères de la région de Brive,251903100,SMF
277,SM départemental pour le transport et le traitement des ordures ménagères (SYTTOM 19),200044980,SMO
278,PETR Vézère-Auvezère,200074870,PETR
279,PETR Vallée Dordogne Corrézienne,200074938,PETR
280,Dijon Métropole,242100410,METRO
281,"CA Beaune, Côte et Sud - Communauté Beaune-Chagny-Nolay",200006682,CA
282,CC de la Plaine Dijonnaise,200000925,CC
283,CC Ouche et Montagne,200039055,CC
284,"CC Forêts, Seine et Suzon",200039063,CC
285,CC Norge et Tille,200069540,CC
286,CC de Gevrey-Chambertin et de Nuits-Saint-Georges,200070894,CC
287,CC Auxonne Pontailler Val de Saône,200070902,CC
288,CC Tille et Venelle,200070910,CC
289,CC des Terres d'Auxois,200071017,CC
290,CC du Pays Arnay Liernais,200071173,CC
291,CC de Pouilly en Auxois/Bligny sur Ouche,200071207,CC
292,CC Mirebellois et Fontenois,200072825,CC
293,CC des Vallées de la Tille et de l'Ignon,242100154,CC
294,CC du Pays Châtillonnais,242101434,CC
295,CC de Saulieu,242101442,CC
296,CC du Pays d'Alésia et de la Seine,242101459,CC
297,CC du Montbardois,242101491,CC
298,CC Rives de Saône,242101509,CC
299,SIVOM de Aignay-le-Duc,242100014,SIVOM
300,SIVOM de Baigneux-les-Juifs,242100055,SIVOM
301,SIVOM de Montigny-sur-Aube,242100212,SIVOM
302,SM des ordures ménagères,252108667,SMF
303,SM de Haute Côte-d'Or pour le traitement des déchets ménagers et assimilés,252108972,SMF
304,SM de collecte et de traitement des déchets ménagers et assimilés de la Plaine Dijonnaise,252109434,SMF
305,SM du pays de l'Auxois et du Morvan côte d'orien,200048544,PETR
306,PETR du Pays Val de Saône Vingeanne,200049880,PETR
307,SM du Pays Seine et Tilles en Bourgogne,200055267,PETR
308,CA Lannion-Trégor Communauté,200065928,CA
309,CA Guingamp-Paimpol Agglomération de l'Armor à l'Argoat,200067981,CA
310,CA Dinan Agglomération,200068989,CA
311,CA Lamballe Terre et Mer,200069391,CA
312,CA Saint-Brieuc Armor Agglomération,200069409,CA
313,CC Loudéac Communauté - Bretagne Centre,200067460,CC
314,CC Leff Armor Communauté,200069086,CC
315,CC du Kreiz-Breizh (CCKB),242200715,CC
316,SM Kerval Centre Armor,200043677,SMF
317,SMICTOM du Ménez Bré,252202106,SMF
318,SMITRED Ouest-Armor,252203161,SMF
319,SM des déchets des Pays de la Rance et de la Baie,252203195,SMF
320,PETR du Pays de Saint-Brieuc,200048965,PETR
321,PETR du Pays de Guingamp,200048981,PETR
322,PETR du Pays du Centre Ouest Bretagne,200073971,PETR
323,CA du Grand Guéret,200034825,CA
324,CC Portes de la Creuse en Marche,200041556,CC
325,CC Creuse Grand Sud,200044014,CC
326,CC Creuse Sud Ouest,200067189,CC
327,Creuse Confluence,200067544,CC
328,CC Marche et Combraille en Aquitaine,200067593,CC
329,CC du Pays Sostranien,242300135,CC
330,CC de Bénévent Grand Bourg,242320000,CC
331,CC du Pays Dunois,242320109,CC
332,SIVOM Auzances Bellegarde,242301307,SMF
333,SMICTOM de la région de Chénérailles,252306147,SMF
334,EVOLIS 23,252326079,SMF
335,SIVOM de la Courtine,252326103,SMF
336,CA Le Grand Périgueux,200040392,CA
337,CA Bergeracoise,200070647,CA
338,CC Sarlat-Périgord Noir,200027217,CC
339,CC de Montaigne Montravel et Gurson,200034197,CC
340,CC des Bastides Dordogne-Périgord,200034833,CC
341,CC Isle Vern Salembre en Périgord,200040095,CC
342,CC Isle Double Landais,200040384,CC
343,CC du Périgord Ribéracois,200040400,CC
344,CC du Pays de Fénelon,200040830,CC
345,CC de Portes Sud Périgord,200040889,CC
346,CC Vallée de la Dordogne et Forêt Bessède,200041051,CC
347,CC du Terrassonnais en Périgord Noir Thenon Hautefort,200041150,CC
348,CC de la Vallée de l'Homme,200041168,CC
349,CC de Domme- Villefranche du Périgord,200041440,CC
350,CC Dronne et Belle,200041572,CC
351,CC Isle et Crempse en Périgord,200069094,CC
352,CC du Périgord Nontronnais,200071819,CC
353,CC Périgord-Limousin,242400752,CC
354,CC du Pays de Saint Aulaye,242400935,CC
355,CC Isle-Loue-Auvézère en Périgord,242401024,CC
356,SMICTOM du Périgord Noir,252402284,SMF
357,SMCTOM de Nontron,252402466,SMF
358,SMCTOM secteur de Thiviers,252402474,SMF
359,SM départemental pour la gestion et le traitement des déchets ménagers et assimilés,252405329,SMF
360,CU Grand Besançon Métropole,242500361,CU
361,CA Pays de Montbéliard Agglomération,200065647,CA
362,CC du Pays de Maîche,200023075,CC
363,CC Loue-Lison,200068070,CC
364,CC des Deux Vallées Vertes,200068294,CC
365,CC des Lacs et Montagnes du Haut-Doubs,200069565,CC
366,CC de Montbenoit,242500320,CC
367,CC du Grand Pontarlier,242500338,CC
368,CC du Val de Morteau,242504116,CC
369,CC des Portes du Haut-Doubs,242504181,CC
370,CC du Plateau de Russey,242504355,CC
371,CC du Pays de Sancey-Belleherbe,242504371,CC
372,CC du Doubs Baumois,242504447,CC
373,CC Altitude 800,242504488,CC
374,CC du Plateau de Frasne et du Val de Drugeon (CFD),242504496,CC
375,SI des Combes Derniers,242500312,SIVOM
376,SM du Pays du Haut-Doubs,200061836,SMF
377,SM pour la prévention et la valorisation des déchets du Haut-Doubs,252500533,SMF
378,SM de collecte des ordures ménagères du Haut-Doubs,252507124,SMF
379,SYBERT,252508247,SMF
380,PETR du Doubs central,200075166,PETR
381,CA Montélimar Agglomération,200040459,CA
382,CA Valence Romans Agglo,200068781,CA
383,CC Porte de Dromardèche,200040491,CC
384,CC du Crestois et de Pays de Saillans Coeur de Drôme,200040509,CC
385,CC Drôme Sud Provence,200042901,CC
386,CC du Royans-Vercors,200067767,CC
387,CC des Baronnies en Drôme Provençale,200068229,CC
388,CC du Val de Drôme en Biovallée,242600252,CC
389,CC Dieulefit-Bourdeaux,242600492,CC
390,CC du Diois,242600534,CC
391,SI rhôdanien collecte et traitement ordures ménagères (SIRCTOM),252600903,SMF
392,Syndicat traitement déchets ménagers (SYTRAD),252601828,SMF
393,Syndicat des Portes de Provence (SYPP),252602552,SMF
394,CA Evreux Portes de Normandie,200071454,CA
395,CA Seine Normandie Agglomération,200072312,CA
396,CA Seine-Eure,200089456,CA
397,CC de Pont-Audemer / Val de Risle,200065787,CC
398,CC Lieuvin Pays d'Auge,200066017,CC
399,CC Roumois Seine,200066405,CC
400,CC Intercom Bernay Terres de Normandie,200066413,CC
401,CC Interco Normandie Sud Eure,200066462,CC
402,CC Lyons Andelle,200070142,CC
403,CC du Vexin Normand,200071843,CC
404,CC du Pays de Conches,242700276,CC
405,CC du Pays du Neubourg,242700607,CC
406,Syndicat de gestion des ordures ménagères de l'Est et du Nord de l'Eure (SYGOM),252701990,SMF
407,SM pour l'étude et le traitement des ordures ménagères de l'Eure (SETOM de l'Eure),252703111,SMF
408,Syndicat de destruction des ordures ménagères de l'Ouest de l'Eure (SDOMODE),252703863,SMF
409,CA Chartres Métropole,200033181,CA
410,CA Agglo du Pays de Dreux,200040277,CA
411,CC du Perche,200006971,CC
412,CC entre Beauce et Perche,200058360,CC
413,CC des Forêts du Perche,200069912,CC
414,CC des Portes Euréliennes d'Ile de France,200069953,CC
415,CC du Grand Châteaudun,200069961,CC
416,CC Coeur de Beauce,200070159,CC
417,CC Terres de Perche,200070167,CC
418,CC du Bonnevalais,242852465,CC
419,SICTOM de la région d'Auneau,252800065,SMF
420,"SM intercommunal pour le ramassage et le traitement des ordures ménagères de Courville-sur-Eure, La Loupe et Senonches",252801196,SMF
421,SICTOM de la région de Nogent-le-Rotrou,252801329,SMF
422,SICTOM de la région de Châteaudun,252802129,SMF
423,"SICTOM de la région de Bonneval, Brou, Illiers-Combray (SICTOM BBI)",252802152,SMF
424,SI pour le traitement et la valorisation des déchets (SITREVA),252803341,SMF
425,PETR du Perche,200059772,PETR
426,Brest Métropole,242900314,METRO
427,CA Quimper Bretagne Occidentale,200068120,CA
428,CA Quimperlé Communauté,242900694,CA
429,CA Concarneau Cornouaille Agglomération,242900769,CA
430,CA Morlaix Communauté,242900835,CA
431,CC Presqu'île de Crozon-Aulne maritime,200066868,CC
432,CC Haut-Léon Communauté,200067072,CC
433,CC Monts d'Arrée Communauté,200067197,CC
434,CC Pleyben-Châteaulin-Porzay,200067247,CC
435,CC du Pays d'Iroise,242900074,CC
436,CC du Pays des Abers,242900553,CC
437,CC de Haute Cornouaille,242900561,CC
438,CC Cap Sizun - Pointe du Raz,242900629,CC
439,CC Douarnenez Communauté,242900645,CC
440,CC du Pays Fouesnantais,242900660,CC
441,CC du Pays Bigouden Sud,242900702,CC
442,CC du Haut Pays Bigouden,242900710,CC
443,CC Poher Communauté,242900744,CC
444,CC du Pays de Landivisiau,242900751,CC
445,CC Communauté Lesneven Côte des Légendes,242900793,CC
446,CC du Pays de Landerneau-Daoulas,242900801,CC
447,VALCOR,252901871,SMF
448,SI incinération des déchets du Pays de Quimper (SIDEPAQ),252901996,SMF
449,PETR du Pays de Morlaix,200072973,PETR
450,CA du Pays Ajaccien,242010056,CA
451,CC de la Pieve de l'Ornano et du Taravo,200038958,CC
452,CC du Sud Corse,200040764,CC
453,CC Spelunca-Liamone,200067049,CC
454,CC de l'Alta Rocca,242000495,CC
455,CC Celavu-Prunelli,242000503,CC
456,CC du Sartenais Valinco Taravo,242010130,CC
457,SIVOM du Haut Taravo,242000156,SIVOM
458,SIVOM de la vallée de la Cinarca et du Liamone,242000172,SIVOM
459,SIVOM pour l'équipement et la gestion du hameau de Bavella,242010031,SIVOM
460,PETR du pays Ornano - Sartenais - Valinco - Taravo,200073211,PETR
461,CA de Bastia,242000354,CA
462,CC de l'Oriente,200015162,CC
463,CC de Fium'Orbu Castellu,200033827,CC
464,CC de la Costa Verde,200034205,CC
465,CC de Marana-Golo,200036499,CC
466,CC du Cap Corse,200042943,CC
467,CC de l'Ile-Rousse - Balagne,200073104,CC
468,CC Nebbiu - Conca d'Oro,200073120,CC
469,CC Pasquale Paoli,200073138,CC
470,CC de la Castagniccia-Casinca,200073252,CC
471,CC du Centre Corse,242020071,CC
472,CC de Calvi Balagne,242020105,CC
473,SIVOM de la vallée d'Orezza,242000271,SIVOM
474,SIVOM de Rogna,242000438,SMF
475,Pays de Balagne,200066611,PETR
476,CA du Gard Rhodanien,200034692,CA
477,CA Alès Agglomération,200066918,CA
478,CA de Nîmes Métropole,243000643,CA
479,CC Pays d'Uzès,200034379,CC
480,CC du Piémont Cévenol,200034411,CC
481,CC Causses Aigoual Cévennes,200034601,CC
482,CC de Cèze Cévennes,200035129,CC
483,CC du Pays Viganais,243000270,CC
484,CC du Pays de Sommières,243000296,CC
485,"CC Rhony, Vistre, Vidourle",243000569,CC
486,CC Beaucaire Terre d'Argence,243000585,CC
487,CC de Petite Camargue,243000593,CC
488,CC Terre de Camargue,243000650,CC
489,CC du Pont du Gard,243000684,CC
490,SMICTOM de la région d'Uzès,253001135,SMF
491,SMICTOM Rhône Garrigues,253001325,SMF
492,SM de traitement des ordures ménagères et assimilés Aigoual Cévennes Vidourle (SYMTOMA),253002869,SMF
493,SM Sud Rhône Environnement,253002919,SMF
494,SITOM de la région Sud Gard,253002950,SMF
495,SMIRITOM de la Zone Nord du Plan départemental des déchets,253003115,SMF
496,PETR Uzège Pont du Gard,200074920,PETR
497,PETR Causses et Cévennes,200075794,PETR
498,PETR Vidourle Camargue,200077857,PETR
499,PETR Garrigues et Costières de Nîmes,200086163,PETR
500,Toulouse Métropole,243100518,METRO
501,CA Le Muretain Agglo,200068641,CA
502,CA du Sicoval,243100633,CA
503,CC du Frontonnais,200034957,CC
504,CC du Volvestre,200066819,CC
505,CC du Bassin Auterivain Haut-Garonnais,200068807,CC
506,CC Coeur de Garonne,200068815,CC
507,CC des Terres du Lauragais,200071298,CC
508,CC des Hauts-Tolosans,200071314,CC
509,CC Pyrénées Haut Garonnaises,200072635,CC
510,CC Coeur et Coteaux du Comminges,200072643,CC
511,CC Cagire Garonne Salat,200073146,CC
512,CC Lauragais Revel Sorezois,243100567,CC
513,CC des Coteaux du Girou,243100732,CC
514,CC Val'Aïgo,243100773,CC
515,CC de la Save au Touch,243100781,CC
516,CC des Coteaux Bellevue,243100815,CC
517,SIVOM du Haut Comminges,243100328,SMF
518,SIVOM des cantons de Saint-Gaudens - Montréjeau - Aspet - Magnoac,243100344,SMF
519,SIPOM,253100572,SMF
520,Syndicat de syndicats de traitement des ordures ménagères des Pyrénées (SYSTOM des Pyrénées),253102172,SMF
521,"SM DECOSET (déchetteries, collecte sélective, traitement)",253102636,SMF
522,PETR du Pays du Sud Toulousain,200048700,PETR
523,PETR du Pays Lauragais,200050938,PETR
524,PETR du Pays Comminges Pyrénées,200052124,PETR
525,PETR Pays Tolosan,200055002,PETR
526,CA Grand Auch Coeur de Gascogne,200066926,CA
527,CC de la Gascogne Toulousaine,200023620,CC
528,CC Bastides de Lomagne,200034726,CC
529,CC Armagnac Adour,200035632,CC
530,CC Astarac Arros en Gascogne,200035756,CC
531,CC des Coteaux Arrats Gimone,200042372,CC
532,CC Val de Gers,200072320,CC
533,CC de la Lomagne Gersoise,243200391,CC
534,CC du Bas Armagnac,243200409,CC
535,CC de la Tenarèze,243200417,CC
536,CC Coeur d'Astarac en Gascogne,243200425,CC
537,CC du Grand Armagnac,243200458,CC
538,CC Bastides et Vallons du Gers,243200508,CC
539,CC du Saves,243200599,CC
540,CC Artagnan de Fezensac,243200607,CC
541,SICTOM du secteur Centre,200043180,SMF
542,SI de la Lomagne,243200318,SMF
543,SICTOM du secteur de Condom,253200174,SMF
544,SM de collecte des déchets du secteur Sud,253200984,SMF
545,SICTOM du secteur Ouest,253200992,SMF
546,SICTOM du secteur Sud-Est,253201024,SMF
547,SICTOM du secteur Est,253201065,SMF
548,SM de production d'eau potable et de traitement des déchets du Gers (TRIGONE),253201842,SMO
549,PETR Pays Portes de Gascogne,200048593,PETR
550,PETR Pays d'Armagnac,200048601,PETR
551,PETR du Pays d'Auch,200051480,PETR
552,Bordeaux Métropole,243300316,METRO
553,CA du Libournais,200070092,CA
554,CA Bassin d'Arcachon Sud (COBAS),243300563,CA
555,CA du Bassin d'Arcachon Nord,243301504,CA
556,CC de Blaye,200023794,CC
557,CC du Grand Saint Emilionnais,200035533,CC
558,CC du Sud Gironde,200043974,CC
559,CC du Bazadais,200043982,CC
560,CC du Réolais en Sud Gironde,200044394,CC
561,CC Convergence Garonne,200069581,CC
562,CC rurales de l'Entre-Deux-Mers,200069599,CC
563,CC Médoc Coeur de Presqu'île,200069995,CC
564,CC Médoc Atlantique,200070720,CC
565,CC de l'Estuaire,243300811,CC
566,CC Jalle-Eau-Bourde,243301165,CC
567,CC Latitude Nord Gironde,243301181,CC
568,CC du Créonnais,243301215,CC
569,CC du Grand Cubzaguais,243301223,CC
570,CC du Secteur de Saint-Loubès,243301249,CC
571,CC de Montesquieu,243301264,CC
572,CC les Coteaux Bordelais,243301355,CC
573,CC du Pays Foyen,243301371,CC
574,CC Médullienne,243301389,CC
575,CC du Fronsadais,243301397,CC
576,CC du Val de l'Eyre,243301405,CC
577,CC des Portes de l'Entre-Deux-Mers,243301439,CC
578,CC Médoc Estuaire,243301447,CC
579,CC Castillon/Pujols,243301454,CC
580,SM pour la révision et le suivi du SCOT du bassin d'Arcachon - Val de l'Eyre (SYBARVAL),200001634,SMF
581,SM du Sud Gironde,200078335,SMF
582,SI de l'Entre-deux-Mers Ouest pour la collecte et le traitement des ordures ménagères (SEMOCTOM),253300545,SMF
583,SM pour la collecte et le traitement des ordures ménagères (SICTOM) du Sud Gironde,253300578,SMF
584,Syndicat médocain intercommunal pour la collecte et le traitement des ordures ménagères (SMICOTOM),253300701,SMF
585,Union des syndicats pour la collecte et le traitement des ordures ménagères (USTOM) du Castillonais et du Réolais,253303499,SMF
586,Union communautaire pour le traitement des ordures ménagères de La Brède - Podensac,253303911,SMF
587,SIVOM de la rive droite,253306302,SMF
588,SM intercommunal de collecte et de valorisation des déchets ménagers du Libournais-Haute Gironde (SMICVAL),253306617,SMF
589,PETR du Coeur-Entre-deux-Mers,200049682,PETR
590,PETR du grand Libournais,200052181,PETR
591,Montpellier Méditerranée Métropole,243400017,METRO
592,CA Sète Agglopôle Méditerranée,200066355,CA
593,CA du Pays de l'Or,243400470,CA
594,CA de Béziers-Méditerranée,243400769,CA
595,CA Hérault-Méditerranée,243400819,CA
596,CC Lodévois et Larzac,200017341,CC
597,CC du Grand Pic Saint-Loup,200022986,CC
598,CC Grand Orb communauté de communes en Languedoc,200042646,CC
599,CC Sud-Hérault,200042653,CC
600,CC du Minervois au Caroux,200066348,CC
601,CC Les Avant-Monts,200071058,CC
602,CC du Clermontais,243400355,CC
603,CC la Domitienne,243400488,CC
604,CC du Pays de Lunel,243400520,CC
605,CC Vallée de l'Hérault,243400694,CC
606,CC des Cévennes Gangeoises et Suménoises,243400736,CC
607,SMICTOM Pézenas-Agde,253400485,SMF
608,Syndicat Centre Hérault,253403232,SMF
609,Syndicat de développement local du Pays Coeur d'Hérault ou ''SYDEL du Pays Coeur d'Hérault'',200017127,SMO
610,Rennes Métropole,243500139,METRO
611,CA Vitré Communauté,200039022,CA
612,CA Fougères Agglomération,200072452,CA
613,CA Redon Agglomération,243500741,CA
614,CA du Pays de Saint Malo Agglomération,243500782,CA
615,CC de Saint-Méen Montauban,200038990,CC
616,CC Vallons de Haute-Bretagne Communauté,200043990,CC
617,CC Bretagne Porte de Loire Communauté,200070662,CC
618,CC du Pays de Dol et de la Baie du Mont Saint-Michel,200070670,CC
619,CC Couesnon Marches de Bretagne,200070688,CC
620,CC Montfort Communauté,243500550,CC
621,CC Brocéliande Communauté,243500618,CC
622,Roche aux Fées Communauté,243500634,CC
623,CC Pays de Châteaugiron Communauté,243500659,CC
624,CC Val d'Ille-Aubigné,243500667,CC
625,CC Côte d'Emeraude,243500725,CC
626,CC Bretagne Romantique,243500733,CC
627,CC Liffré-Cormier Communauté,243500774,CC
628,SMICTOM du Pays de Fougères,200073500,SMF
629,SMICTOM Valcobreizh,200090884,SMF
630,SMICTOM des Pays de Vilaine,253500862,SMF
631,syndicat mixte pour la collecte et le tri des ordures ménagères du secteur Sud-Est d'ille et vilaine,253500953,SMF
632,SMICTOM du Centre Ouest de l'Ille-et-Vilaine,253500995,SMF
633,SMO de traitement des déchets ménagers et assimilés,200084945,SMO
634,PETR du Pays de Saint-Malo,200051027,PETR
635,CA Châteauroux Métropole,243600327,CA
636,CC de la Marche Berrichonne,200007052,CC
637,CC du Val de Bouzanne,200018521,CC
638,CC Marche Occitane - Val d'Anglin,200035137,CC
639,CC du Châtillonnais en Berry,200035848,CC
640,CC Ecueillé-Valençay,200040558,CC
641,CC Eguzon - Argenton - Vallée de la Creuse,200068872,CC
642,CC Champagne Boischauts,200068880,CC
643,CC Chabris - Pays de Bazelle,243600202,CC
644,CC du Pays d'Issoudun,243600236,CC
645,CC de la Région de Levroux,243600293,CC
646,CC Val de l'Indre - Brenne,243600301,CC
647,CC Brenne - Val de Creuse,243600319,CC
648,CC Coeur de Brenne,243600343,CC
649,CC de la Châtre et Sainte-Sévère,243600350,CC
650,SICTOM de Champagne Berrichonne,253600456,SMF
651,SM du traitement des ordures ménagères de la région de Châteauroux,253602429,SMF
652,SM pour la collecte et le traitement des ordures ménagères de la zone Ouest du département de l'Indre,253609937,SMF
653,Tours Métropole Val de Loire,243700754,METRO
654,CC du Val d Amboise,200043065,CC
655,"CC Chinon, Vienne et Loire",200043081,CC
656,CC Loches Sud Touraine,200071587,CC
657,CC Touraine Vallée de l'Indre,200072650,CC
658,CC Touraine Val de Vienne,200072668,CC
659,CC Touraine Ouest Val de Loire,200072981,CC
660,CC Touraine-Est Vallées,200073161,CC
661,CC de Gâtine et Choisilles - Pays de Racan,200073237,CC
662,CC du Castelrenaudais,243700499,CC
663,CC de Bléré Val de Cher,243700820,CC
664,SMICTOM du Chinonais,253700454,SMF
665,SMICTOM d'Amboise,253702963,SMF
666,SMIPE Val Touraine Anjou,253753107,SMF
667,Grenoble-Alpes-Métropole,200040715,METRO
668,CA Vienne Condrieu,200077014,CA
669,CA Porte de l'Isère (CAPI),243800604,CA
670,CA du Pays Voironnais,243800984,CA
671,CC Le Grésivaudan,200018166,CC
672,CC du Trièves,200030658,CC
673,CC Coeur de Chartreuse,200040111,CC
674,CC de la Matheysine,200040657,CC
675,CC Bièvre Isère,200059392,CC
676,CC Les Balcons du Dauphiné,200068542,CC
677,CC Les Vals du Dauphiné,200068567,CC
678,CC Saint-Marcellin Vercors Isère Communauté,200070431,CC
679,CC Entre Bièvre et Rhône,200085751,CC
680,CC de l'Oisans,243800745,CC
681,CC Lyon-Saint-Exupéry en Dauphiné,243800935,CC
682,CC du Massif du Vercors,243801024,CC
683,CC de Bièvre Est,243801073,CC
684,CC des Collines du Nord Dauphiné,243801255,CC
685,SICTOM de la région de Morestel,253801179,SMF
686,SI du Bréda et de la Combe de Savoie (SIBRECSA),253801450,SMF
687,SICTOM du Guiers,253801716,SMF
688,SICTOM de la Bièvre,253802367,SMF
689,SITOM Nord Isère,253802730,SMF
690,SM Nord Dauphiné,253804710,SMF
691,CA du Grand Dole,200010650,CA
692,CA ECLA  (Espace Communautaire Lons Agglomération),200071116,CA
693,CC Haut-Jura Saint-Claude,200026573,CC
694,CC Bresse Haute Seille,200069615,CC
695,CC Champagnole Nozeroy Jura,200069623,CC
696,"CC Arbois, Poligny, Salins, Coeur du Jura",200071595,CC
697,CC Porte du Jura,200072056,CC
698,CC Terre d?Emeraude Communauté ,200090579,CC
699,CC de la Station des Rousses-Haut Jura,243900354,CC
700,CC du Val d'Amour,243900420,CC
701,CC Haut-Jura Arcade Communauté,243900479,CC
702,CC Jura Nord,243900560,CC
703,CC la Grandvallière,243900610,CC
704,CC de la Plaine Jurassienne,243901089,CC
705,SICTOM de la région de Champagnole,253900625,SMF
706,SICTOM de la zone de Dole,253900633,SMF
707,SICTOM de la zone de Lons-le-Saunier,253900641,SMF
708,SICTOM du Haut-Jura,253900658,SMF
709,SYDOM,253901839,SMF
710,PETR du Pays Lédonien,200051225,PETR
711,CA du Grand Dax,244000675,CA
712,CA Mont de Marsan Agglomération,244000808,CA
713,CC d'Aire-sur-l'Adour,200030435,CC
714,CC des Landes d'Armagnac,200035541,CC
715,CC Pays d'Orthe et Arrigans,200069417,CC
716,CC Terres de Chalosse,200069631,CC
717,CC Chalosse Tursan,200069649,CC
718,CC Coeur Haute Lande,200069656,CC
719,CC de Mimizan,244000543,CC
720,CC du Seignanx,244000659,CC
721,CC du Pays Morcenais,244000691,CC
722,CC du Pays Tarusate,244000766,CC
723,CC du Pays de Villeneuve en Armagnac Landais,244000774,CC
724,CC du Pays Grenadois,244000824,CC
725,CC Côte Landes Nature,244000857,CC
726,CC Maremne Adour Côte Sud,244000865,CC
727,CC des Grands Lacs,244000873,CC
728,CC Coteaux et Vallées des Luys,244000881,CC
729,SIVOM du Born,244000279,SMF
730,SIETOM de Chalosse,254000839,SMF
731,SICTOM du Marsan,254000847,SMF
732,SICTOM Côte Sud,254001977,SMF
733,SM d'élimination des déchets de la haute Lande,254003239,SMF
734,Pays Landes nature Côte d'Argent,200048718,PETR
735,Haute Lande,200061133,PETR
736,PETR Adour Chalosse Tursan,200075117,PETR
737,PETR Pays Adour Landes Océanes,200083996,PETR
738,CA de Blois ''Agglopolys'',200030385,CA
739,CA Territoires Vendômois,200072072,CA
740,CC Coeur de Sologne,200000800,CC
741,CC du Romorantinais et du Monestois,200018406,CC
742,CC du Perche et Haut Vendômois,200040772,CC
743,CC Beauce Val de Loire,200055481,CC
744,CC Val-de-Cher-Controis,200072064,CC
745,CC des Collines du Perche,244100293,CC
746,CC de la Sologne des Etangs,244100780,CC
747,CC du Grand Chambord,244100798,CC
748,CC de la Sologne des Rivières,244100806,CC
749,SM de collecte et de traitement des ordures ménagères de Sologne,254100415,SMF
750,SM d'élimination des ordures ménagères du groupement de Mer,254100472,SMF
751,SM d'enlèvement et d'élimination des ordures ménagères du Val de Cher,254100837,SMF
752,"SM de collecte, de traitement et de valorisation des déchets ménagers du Vendômois (VAL DEM)",254102023,SMF
753,SM de collecte et de traitement des déchets du Blaisois (VAL-ECO),254103054,SMF
754,Saint-Etienne Métropole,244200770,METRO
755,CA Roannais Agglomération,200035731,CA
756,Loire Forez Agglomération (LFA),200065886,CA
757,CC Charlieu-Belmont,200035202,CC
758,CC de Forez-Est,200065894,CC
759,CC des Vals d'Aix et Isable,244200614,CC
760,CC des Monts du Pilat,244200622,CC
761,CC du Pays Entre Loire et Rhône,244200630,CC
762,CC du Pays d'Urfé,244200820,CC
763,CC du Pilat Rhodanien,244200895,CC
764,SYDEMER,200017424,SMF
765,Syndicat d'études et d'élimination des déchets du Roannais (SEEDR),254202104,SMF
766,CA du Puy-en-Velay,200073419,CA
767,CC des Rives du Haut Allier,200073393,CC
768,CC Mézenc-Loire-Meygal,200073401,CC
769,CC Marches du Velay-Rochebaron,200073427,CC
770,CC Brioude Sud Auvergne,200085728,CC
771,CC du Pays de Montfaucon,244300307,CC
772,CC des Sucs,244301016,CC
773,CC Auzon Communauté,244301099,CC
774,CC du Haut Lignon,244301107,CC
775,CC des Pays de Cayres et de Pradelles,244301123,CC
776,CC Loire et Semène,244301131,CC
777,SICTOM des Monts du Forez,200040129,SMF
778,SICTOM Issoire - Brioude,254300049,SMF
779,SM pour le tri sélectif et le traitement des déchets ménagers et assimilés de la région de Monistrol-sur-Loire (SYMPTTOM),254300395,SMF
780,SICTOM Velay-Pilat,254300593,SMF
781,SICTOM entre Monts et vallées,254300759,SMF
782,SICTOM de la région Emblavez-Meygal,254300809,SMF
783,"PETR ""Pays de la Jeune Loire""",200049963,PETR
784,Nantes Métropole,244400404,METRO
785,CA Pornic Agglo Pays de Retz,200067346,CA
786,CA Clisson Sèvre et Maine Agglo,200067635,CA
787,CA de la Presqu'île de Guérande Atlantique (CAP ATLANTIQUE),244400610,CA
788,CA de la Région Nazairienne et de l'Estuaire (CARENE),244400644,CA
789,CC du Pays de Pontchâteau St-Gildas-des-Bois,200000438,CC
790,CC Sèvre et Loire,200067866,CC
791,CC Sud Retz Atlantique,200071546,CC
792,CC Châteaubriant-Derval,200072726,CC
793,CC Estuaire et Sillon,200072734,CC
794,Grand Lieu Communauté,244400438,CC
795,CC de la Région de Blain,244400453,CC
796,CC d'Erdre et Gesvres,244400503,CC
797,CC de Nozay,244400537,CC
798,CC du Pays d'Ancenis,244400552,CC
799,CC du Sud Estuaire,244400586,CC
800,SM Centre Nord Atlantique pour le traitement et le recyclage des déchets,254402522,SMF
801,PETR du Pays de Retz,200060838,PETR
802,Orléans Métropole,244500468,METRO
803,CA Montargoise et Rives du Loing (AME),244500203,CA
804,CC des Portes de Sologne,200005932,CC
805,CC de la Beauce Loirétaine,200035764,CC
806,CC du Pithiverais,200066280,CC
807,"CC de la Cléry, du Betz et de l'Ouanne",200067668,CC
808,CC Canaux et Forêts en Gâtinais,200067676,CC
809,CC Berry Loire Puisaye,200068278,CC
810,CC du Val de Sully,200070100,CC
811,CC des Terres du Val de Loire,200070183,CC
812,CC du Pithiverais-Gâtinais,200071850,CC
813,CC Giennoises,244500211,CC
814,CC des Quatre Vallées,244500419,CC
815,CC des Loges,244500427,CC
816,CC de la Forêt,244500484,CC
817,CC de la Plaine du Nord Loiret,244500542,CC
818,SMIRTOM de la région d'Artenay,254500010,SMF
819,SMICTOM de la région de Châteauneuf-sur-Loire,254500226,SMF
820,SM pour la collecte et le traitement des déchets ménagers de l'arrondissement de Pithiviers (SMITOMAP),254500739,SMF
821,"SMICTOM des cantons de Gien, Châtillon-sur-Loire, Châtillon-Coligny, Briare",254501620,SMF
822,SMIRTOM de la région de Montargis,254502164,SMF
823,SYCTOM des régions de Gien et Châteauneuf-sur-Loire,254502578,SMF
824,SM Beauce Gâtinais valorisation,254503105,SMF
825,PETR Forêt d'Orléans-Loire-Sologne,200075364,PETR
826,PETR Pays Loire Beauce,200075869,PETR
827,PETR pour le développement du Pays Beauce Gâtinais en Pithiverais,200079903,PETR
828,PETR Gâtinais Montargois,200086643,PETR
829,CA du Grand Cahors,200023737,CA
830,CC Cazals-Salviac,200035327,CC
831,CC du Quercy Blanc,200039519,CC
832,CC Causses et Vallée de la Dordogne,200066371,CC
833,CC Grand-Figeac,200067361,CC
834,CC de la Vallée du Lot et du Vignoble,244600433,CC
835,CC Quercy - Bouriane,244600482,CC
836,CC du Pays de Lalbenque-Limogne,244600532,CC
837,CC du Causse de Labastide Murat,244600573,CC
838,SMICTOM du Pays de Gourdon,254600265,SMF
839,SM collecte et traitement des ordures ménagères les Marches du Sud Quercy,254600901,SMF
840,SYDED du Lot,453372997,SMO
841,PETR Figeac - Quercy - Vallée de la Dordogne,200052397,PETR
842,PETR Grand Quercy,200052405,PETR
843,CA du Grand Villeneuvois,200023307,CA
844,CA Val de Garonne Agglomération ,200030674,CA
845,CA d'Agen,200035459,CA
846,CC des Bastides en Haut Agenais Périgord,200036523,CC
847,CC Porte d'Aquitaine en Pays de Serres,200036572,CC
848,CC du Confluent et des Coteaux de Prayssas,200068922,CC
849,CC Fumel Vallée du Lot,200068930,CC
850,CC Albret Communauté,200068948,CC
851,CC du Pays de Duras,244700449,CC
852,CC du Pays de Lauzun,244700464,CC
853,CC des Coteaux et Landes de Gascogne,244701355,CC
854,CC Lot et Tolzac,244701405,CC
855,SMICTOM Lot-et-Garonne Baïse,200020550,SMF
856,SM de valorisation et de traitement des déchets ménagers et assimilés en Lot-et-Garonne,254702582,SMO
857,CC du Haut Allier,200006930,CC
858,CC Randon - Margeride,200069102,CC
859,CC Mont Lozère,200069128,CC
860,CC des Cévennes au Mont Lozère,200069136,CC
861,CC des Hautes Terres de l'Aubrac,200069144,CC
862,CC Gorges Causses Cévennes,200069151,CC
863,CC des Terres d'Apcher-Margeride-Aubrac,200069185,CC
864,CC Aubrac Lot Causses Tarn,200069268,CC
865,CC Coeur de Lozère,244800405,CC
866,CC du Gévaudan,244800470,CC
867,SI Aubrac-Colagne,254800758,SIVU
868,SM La Montagne,244800256,SMF
869,SICTOM des Hauts plateaux,254300718,SMF
870,Syndicat départemental d'énergie et d'équipement de la Lozère (SDEE),254800022,SMF
871,SICTOM des bassins du Haut-Tarn,254800345,SMF
872,SM de collecte et de traitement des déchets ménagers Lozère Centre,254800709,SMF
873,PETR Sud Lozère,200077758,PETR
874,PETR du Pays du Gévaudan Lozère,200078343,PETR
875,CU Angers Loire Métropole,244900015,CU
876,CA Mauges Communauté,200060010,CA
877,CA Agglomération du Choletais,200071678,CA
878,CA Saumur Val de Loire,200071876,CA
879,CC Anjou Loir et Sarthe,200068955,CC
880,CC Loire Layon Aubance,200071553,CC
881,CC des Vallées du Haut-Anjou,200071868,CC
882,CC Anjou Bleu Communauté,244900809,CC
883,CC Baugeois Vallée,244900882,CC
884,SI du Segréen pour le traitement des ordures (SISTO),254900442,SMF
885,SICTOM  Loir et Sarthe,254900517,SMF
886,SMITOM du Sud Saumurois,254901341,SMF
887,Pôle métropolitain Loire Angers,254902034,SMF
888,SYCTOM du Loire Béconnais et ses environs,254902414,SMF
889,SM pour le traitement et la valorisation des déchets ménagers résiduels (VALOR 3 E),254902562,SMF
890,SM intercommunal de valorisation et de recyclage thermique des déchets de l'Est Anjou,254902257,SMO
891,PETR du Segréen,200052629,PETR
892,CA Saint-Lô Agglo,200066389,CA
893,CA du Cotentin,200067205,CA
894,CA Mont-Saint-Michel-Normandie,200069425,CA
895,"CC de Granville, Terre et Mer",200042604,CC
896,CC de la Baie du Cotentin,200042729,CC
897,CC de Villedieu Intercom,200043354,CC
898,CC Coutances Mer et Bocage,200067023,CC
899,CC Côte Ouest Centre Manche,200067031,CC
900,SM de la Perrelle,255001638,SMF
901,SM du Point Fort,255003063,SMF
902,PETR de la Baie du Mont-Saint-Michel,200077634,PETR
903,CU du Grand Reims,200067213,CU
904,CA de Châlons-en-Champagne,200066876,CA
905,"CA Epernay, Coteaux et Plaine de Champagne",200067684,CA
906,"CC de Vitry, Champagne et Der",200034718,CC
907,CC de la Région de Suippes,200042620,CC
908,CC de l'Argonne Champenoise,200042703,CC
909,CC Perthois-Bocage et Der,200042992,CC
910,CC de la Moivre à la Coole,200043438,CC
911,CC de Sézanne-Sud Ouest Marnais,200066835,CC
912,CC des Paysages de la Champagne,200066850,CC
913,CC Côtes de Champagne et Val de Saulx,200067379,CC
914,CC de la Grande Vallée de la Marne,245100615,CC
915,CC de la Brie Champenoise,245100888,CC
916,CC du Sud Marnais,245100979,CC
917,SM du Sud-Est Marnais (SYMSEM),200035673,SMF
918,SM de valorisation des ordures ménagères (SYVALOM),255102592,SMO
919,Pays de Brie et Champagne,200061406,PETR
920,PETR du Pays d'Épernay Terres de Champagne,200064392,PETR
921,PETR du Pays de Châlons-en-Champagne,200075497,PETR
922,CA de Chaumont,200068658,CA
923,CA de Saint-Dizier Der et Blaise,200068666,CA
924,CC d'Auberive Vingeanne et Montsaugeonnais,200027308,CC
925,CC du Bassin de Joinville en Champagne,200044253,CC
926,CC Meuse Rognon,200069664,CC
927,CC des Savoir-Faire,200070332,CC
928,CC du Grand Langres,200072999,CC
929,CC des Trois Forêts,245200597,CC
930,Syndicat départemental d'énergie et des déchets 52,200055614,SMF
931,SMICTOM de Saint-Dizier,255201402,SMF
932,SMICTOM de la région de Langres,255202335,SMF
933,PETR du Pays de Langres,200060754,PETR
934,Laval Agglomération,200083392,CA
935,CC des Coëvrons,200033298,CC
936,CC du Mont des Avaloirs,200042182,CC
937,CC du Pays de Craon,200048551,CC
938,CC Mayenne Communauté,200055887,CC
939,CC du Pays de Meslay-Grez,245300223,CC
940,CC de l'Ernée,245300355,CC
941,CC du Bocage Mayennais,245300389,CC
942,CC du Pays de Château-Gontier,245300447,CC
943,Métropole du Grand Nancy,245400676,METRO
944,Grand Longwy Agglomération,245400262,CA
945,CC du Pays du Saintois,200035772,CC
946,CC du Bassin de Pont-à-Mousson,200041515,CC
947,CC Terre Lorraine du Longuyonnais,200043693,CC
948,CC Meurthe Mortagne Moselle,200067643,CC
949,CC de Vezouze en Piémont,200069433,CC
950,CC Coeur du Pays Haut,200070290,CC
951,CC du Territoire de Lunéville à Baccarat,200070324,CC
952,CC Terres Touloises,200070563,CC
953,CC de Seille et Grand Couronné,200070589,CC
954,CC Mad et Moselle,200070738,CC
955,CC Orne Lorraine Confluences,200070845,CC
956,CC Moselle et Madon,245400171,CC
957,CC des Pays du Sel et du Vermois,245400189,CC
958,CC du Pays de Colombey et du Sud Toulois,245400510,CC
959,CC du Bassin de Pompey,245400601,CC
960,CC du Pays du Sanon,245400759,CC
961,"SI pour le ramassage et le traitement des ordures ménagères du secteur de Briey,de la vallée de l'Orne et du Jarnisy",255400905,SMF
962,SM de traitement des ordures ménagères de la région de Villerupt,255401333,SMF
963,SI pour la collecte et l'élimination des déchets des ménages dans le secteur de Piennes,255401341,SMF
964,PETR du Pays du Lunévillois,200051134,PETR
965,PETR du Val de Lorraine,200055101,PETR
966,CA de Bar-le-Duc - Sud Meuse,200033025,CA
967,CA du Grand Verdun,200049187,CA
968,CC Côtes de Meuse Woëvre,200034874,CC
969,CC des Portes de Meuse,200066108,CC
970,CC Argonne-Meuse,200066116,CC
971,CC du Pays de Stenay et du Val Dunois,200066132,CC
972,CC de l'Aire à l'Argonne,200066140,CC
973,CC de Commercy - Void - Vaucouleurs,200066157,CC
974,CC Val de Meuse - Voie Sacrée,200066165,CC
975,CC de Damvillers Spincourt,200066173,CC
976,CC du Sammiellois,245500327,CC
977,CC du Territoire de Fresnes en Woëvre,245501176,CC
978,CC du Pays de Revigny sur Ornain,245501184,CC
979,CC du Pays d'Etain,245501242,CC
980,CC du Pays de Montmédy,245501259,CC
981,SM d'études et de traitement des déchets ménagers et assimilés,200046647,SMF
982,PETR du Pays Barrois,200049906,PETR
983,"PETR ""Coeur de Lorraine""",200050946,PETR
984,PETR du Pays de Verdun,200088961,PETR
985,CA Lorient Agglomération,200042174,CA
986,CA Golfe du Morbihan - Vannes Agglomération,200067932,CA
987,CC Arc Sud Bretagne,200027027,CC
988,CC Auray Quiberon Terre Atlantique,200043123,CC
989,Ploërmel Communauté,200066777,CC
990,CC de l'Oust à Brocéliande,200066785,CC
991,CC Centre Morbihan Communauté,200067221,CC
992,CC de Blavet Bellevue Océan,245600440,CC
993,CC de Belle Ile en Mer,245600465,CC
994,CC Questembert Communauté,245614383,CC
995,CC Roi Morvan Communauté,245614417,CC
996,CC Pontivy Communauté,245614433,CC
997,SI pour le transfert et le traitement des ordures ménagères du Morbihan intérieur (SITTOM - MI),255601908,SMF
998,SM du Sud Est du Morbihan (SYSEM),255613374,SMF
999,PETR du Pays de Ploërmel - Coeur de Bretagne,200050193,PETR
1000,PETR du Pays d'Auray,200050219,PETR
1001,Metz Métropole,200039865,METRO
1002,CA Saint-Avold Synergie,200067502,CA
1003,CA Sarreguemines Confluences,200070746,CA
1004,CA de Forbach Porte de France,245700372,CA
1005,CA du Val de Fensch,245701222,CA
1006,CA Portes de France-Thionville,245701362,CA
1007,CC du Sud Messin,200039907,CC
1008,CC Rives de Moselle,200039949,CC
1009,CC Bouzonvillois-Trois Frontières,200067486,CC
1010,CC Houve-Pays Boulageois,200067650,CC
1011,CC Haut Chemin-Pays de Pange,200067957,CC
1012,CC Sarrebourg Moselle Sud,200068146,CC
1013,CC du Pays de Bitche,200069441,CC
1014,CC du District Urbain de Faulquemont (DUF),245700133,CC
1015,CC de Freyming-Merlebach,245700398,CC
1016,CC de Cattenom et Environs,245700695,CC
1017,CC du Pays de Phalsbourg,245700950,CC
1018,CC du Warndt,245701164,CC
1019,CC du Saulnois,245701206,CC
1020,CC du Pays Orne Moselle,245701271,CC
1021,CC de l'Arc Mosellan,245701354,CC
1022,CC du Pays Haut Val d'Alzette,245701404,CC
1023,SIVOM d'Algrange Nilvange,245700604,SIVOM
1024,"SM de transport et de traitement des déchets ménagers de Lorraine Nord ""SYDELON""",200027118,SMF
1025,SYDEME,255704900,SMF
1026,SM du pays de Sarrebourg,200049989,PETR
1027,CA de Nevers,245804406,CA
1028,CC Haut Nivernais-Val d'Yonne,200067429,CC
1029,CC Tannay-Brinon-Corbigny,200067692,CC
1030,CC Sud Nivernais,200067700,CC
1031,CC Bazois Loire Morvan,200067882,CC
1032,CC Morvan Sommets et Grands Lacs,200067890,CC
1033,CC Amognes Coeur du Nivernais,200067908,CC
1034,CC Coeur de Loire,200067916,CC
1035,CC Les Bertranges,200068088,CC
1036,CC Loire et Allier,245801063,CC
1037,CC du Nivernais Bourbonnais,245804497,CC
1038,Syndicat de gestion des déchets du Centre Nivernais,255800682,SMF
1039,"SICTOM d'Avril, Fleury, Luthenay",255801441,SMF
1040,SICTOM de Saint-Pierre-le-Moûtier,255801466,SMF
1041,PETR Nivernais Morvan,200051548,PETR
1042,PETR Val de Loire Nivernais,200051555,PETR
1043,Métropole Européenne de Lille,200093201,METRO
1044,CU de Dunkerque,245900428,CU
1045,CA du Caudrésis et du Catésis,200030633,CA
1046,CA de la Porte du Hainaut,200042190,CA
1047,CA Maubeuge Val de Sambre,200043396,CA
1048,CA Douaisis Agglo,200044618,CA
1049,CA de Cambrai,200068500,CA
1050,CA Valenciennes Métropole,245901160,CA
1051,CC de Flandre Intérieure,200040947,CC
1052,CC des Hauts de Flandre,200040954,CC
1053,CC Pévèle-Carembault,200041960,CC
1054,CC Coeur de l'Avesnois,200043263,CC
1055,CC du Pays de Mormal,200043321,CC
1056,CC du Sud Avesnois,200043404,CC
1057,CC Flandre Lys,245900758,CC
1058,CC du Pays Solesmois,245901038,CC
1059,CC Coeur d'Ostrevent (CCCO),245901152,CC
1060,SM de collecte et de traitement des ordures ménagères de la région des Flandres,255900573,SMF
1061,SM de ramassage des ordures ménagères Flandre - Nord,255900599,SMF
1062,SI d'enlèvement et d'incinération des ordures ménagères (SIRIOM),255900680,SMF
1063,SI de valorisation des déchets ménagers du Hainaut Valenciennois (ECOVALOR),255900938,SMF
1064,Syndicat inter-arrondissement de valorisation et d'élimination des déchets (SIAVED),255900953,SMF
1065,SM pour le traitement des déchets ménagers du Pays de Pévèle au Pays des Weppes (SYMIDEME),255902561,SMF
1066,SM de l'arrondissement d'Avesnes,255902652,SMF
1067,SM de la station touristique départementale du Val Joly ,255900011,SMO
1068,PETR du Pays du Cambrésis,200078681,PETR
1069,CA de la Région de Compiègne et de la Basse Automne,200067965,CA
1070,CA du Beauvaisis,200067999,CA
1071,CA Creil Sud Oise,200068047,CA
1072,CC Senlis Sud Oise,200066975,CC
1073,CC Thelloise,200067973,CC
1074,CC de l'Oise Picarde,200068005,CC
1075,CC du Liancourtois,246000129,CC
1076,CC du Clermontois,246000376,CC
1077,CC du Plateau Picard,246000566,CC
1078,CC des Sablons,246000582,CC
1079,CC du Vexin-Thelle,246000707,CC
1080,CC des Lisières de l'Oise,246000749,CC
1081,CC du Pays Noyonnais,246000756,CC
1082,CC de l'Aire Cantilienne,246000764,CC
1083,CC des Deux Vallées,246000772,CC
1084,CC de la Picardie Verte,246000848,CC
1085,CC du Pays des Sources,246000855,CC
1086,CC du Pays de Valois,246000871,CC
1087,CC de la Plaine d'Estrées,246000897,CC
1088,CC du Pays de Bray,246000913,CC
1089,CC des Pays d'Oise et d'Halatte,246000921,CC
1090,"SM du département de l'Oise, pour le transport et le traitement des déchets ménagers et assimilés",200067619,SMF
1091,SM de l'Oise plateau Picard,200081255,SMF
1092,PETR du Grand Beauvaisis,200088383,PETR
1093,CU d'Alençon,246100663,CU
1094,CA Flers Agglo,200035814,CA
1095,CC de la Vallée de la Haute Sarthe,200035103,CC
1096,CC des Sources de l'Orne,200035111,CC
1097,CC du Pays de Mortagne au Perche,200036069,CC
1098,CC Coeur du Perche,200068435,CC
1099,CC Andaine - Passais,200068443,CC
1100,CC Argentan Intercom,200068450,CC
1101,CC des Pays de L'Aigle,200068468,CC
1102,CC des Hauts du Perche,200068856,CC
1103,CC des Vallées d'Auge et du Merlerault,200069458,CC
1104,CC des Collines du Perche Normand,200071504,CC
1105,CC Domfront Tinchebray Interco,200071520,CC
1106,CC du Pays Fertois et du Bocage Carrougien,200071652,CC
1107,CC du Val d'Orne,246100390,CC
1108,SITCOM de la région d'Argentan,200045110,SMF
1109,SMIRTOM de la région de Flers,256102138,SMF
1110,SIRTOM du Perche Ornais,256102153,SMF
1111,SMIRTOM de la région de L'Aigle,256102179,SMF
1112,PETR du Pays d'Argentan Pays d'Auge Ornais et Pays d'Ouche,200048643,PETR
1113,PETR du Pays du Perche Ornais,200052538,PETR
1114,PETR du Pays du Bocage,200070704,PETR
1115,CU d'Arras,200033579,CU
1116,CA des Deux Baies en Montreuillois,200069029,CA
1117,CA du Pays de Saint-Omer,200069037,CA
1118,"CA de Béthune-Bruay, Artois-Lys Romane",200072460,CA
1119,CA Grand Calais Terres et Mers,200090751,CA
1120,CA d'Hénin-Carvin,246200299,CA
1121,CA de Lens - Liévin,246200364,CA
1122,CA du Boulonnais,246200729,CA
1123,CC de Desvres-Samer,200018083,CC
1124,CC du Sud-Artois,200035442,CC
1125,CC des 7 Vallées,200044030,CC
1126,CC Osartis Marquion,200044048,CC
1127,CC du Haut Pays du Montreuillois,200069235,CC
1128,CC des Campagnes de l'Artois,200069482,CC
1129,CC du Ternois,200069672,CC
1130,CC Pays d'Opale,200072478,CC
1131,CC de la Terre des Deux Caps,246200380,CC
1132,CC de la Région d'Audruicq,246200844,CC
1133,CC du Pays de Lumbres,246201016,CC
1134,"SM d'élimination et de valorisation des déchets des communautés d'agglomération du Douaisis, d'Hénin-Carvin et de la communauté de communes Osartis (SYMEVAD)",200007201,SMF
1135,SM Lys Audomarois (SMLA),256203761,SMF
1136,SM Flandre Morinie,256203910,SMF
1137,SM d'élimination et de valorisation des déchets ménagers du Calaisis (SEVADEC ),256203936,SMF
1138,SM Artois valorisation,256204074,SMF
1139,SM de traitement et de tri,256204199,SMF
1140,SM du SCOT du Pays maritime et rural du Montreuillois,200048221,PETR
1141,PETR Ternois-7 vallées,200075679,PETR
1142,Clermont Auvergne Métropole,246300701,METRO
1143,CA Agglo Pays d'Issoire,200070407,CA
1144,CA Riom Limagne et Volcans,200070753,CA
1145,CC Billom Communauté,200067627,CC
1146,CC Dômes Sancy Artense,200069169,CC
1147,CC Mond'Arverne Communauté,200069177,CC
1148,CC Thiers Dore et Montagne,200070712,CC
1149,CC Ambert Livradois Forez,200070761,CC
1150,CC Plaine Limagne,200071199,CC
1151,CC Chavanon Combrailles et Volcans,200071215,CC
1152,CC du Pays de Saint-Eloy,200072080,CC
1153,CC Combrailles Sioule et Morge,200072098,CC
1154,CC du Massif du Sancy,246300966,CC
1155,CC Entre Dore et Allier,246301097,CC
1156,SM de collecte et de traitement des résidus urbains du bois de l'Aumône (SBA),256300161,SMF
1157,SICTOM des Couzes,256301052,SMF
1158,SM de collecte et de traitement des ordures ménagères de la Haute Dordogne (SMCTOM de la Haute Dordogne),256301086,SMF
1159,SICTOM des Combrailles,256301128,SMF
1160,SICTOM de la région de Pontaumur - Pontgibaud,256301185,SMF
1161,Syndicat pour la valorisation et le traitement des déchets ménagers et assimilés du Puy-de-Dôme et de la Haute Loire (VALTOM),256302670,SMF
1162,PETR Grand Clermont,200048171,PETR
1163,CA du Pays Basque,200067106,CA
1164,CA Pau Béarn Pyrénées,200067254,CA
1165,CC de Lacq-Orthez,200039204,CC
1166,CC des Luys en Béarn,200067239,CC
1167,CC du Haut Béarn,200067262,CC
1168,CC du Béarn des Gaves,200067288,CC
1169,CC du Nord Est Béarn,200067296,CC
1170,CC de la Vallée d'Ossau,246400337,CC
1171,CC Pays de Nay,246401756,CC
1172,SIECTOM coteaux Béarn Adour,256404542,SMF
1173,SM Bil Ta Garbi,256404641,SMF
1174,CA Tarbes-Lourdes-Pyrénées,200069300,CA
1175,CC du Plateau de Lannemezan,200070787,CC
1176,CC du Pays de Trie et du Magnoac,200070795,CC
1177,CC des Coteaux du Val d'Arros,200070803,CC
1178,CC Pyrénées Vallées des Gaves,200070811,CC
1179,CC Neste Barousse,200070829,CC
1180,CC Adour Madiran,200072106,CC
1181,CC de la Haute-Bigorre,246500482,CC
1182,CC Aure Louron,246500573,CC
1183,SM départemental de traitement des déchets ménagers et assimilés,200011732,SMF
1184,SM de collecte et de traitement des ordures ménagères du plateau de Lannemezan-Nestes-coteaux,200041234,SMF
1185,SM de l'agglomération tarbaise élimination des déchets ménagers et assimilés,256500869,SMF
1186,PETR du Pays des Nestes,200050235,PETR
1187,PETR du Pays de Lourdes et des vallées des Gaves,200050243,PETR
1188,PETR du Pays du Val d'Adour,200051910,PETR
1189,PETR Coeur de Bigorre,200052249,PETR
1190,PETR du Pays des coteaux,200059897,PETR
1191,CU Perpignan Méditerranée Métropole,200027183,CU
1192,"CC des Albères, de la Côte Vermeille et de l'Illibéris",200043602,CC
1193,CC Conflent-Canigó,200049211,CC
1194,CC Corbières Salanque Méditerranée,200070365,CC
1195,CC Sud-Roussillon,246600282,CC
1196,CC du Vallespir,246600373,CC
1197,CC Pyrénées Cerdagne,246600399,CC
1198,CC Roussillon-Conflent,246600415,CC
1199,CC Agly Fenouillèdes,246600423,CC
1200,CC des Aspres,246600449,CC
1201,CC Pyrénées Catalanes,246600464,CC
1202,CC du Haut Vallespir,246600548,CC
1203,SIVOM canton de Millas,246600183,SIVOM
1204,SM ramassage ordures ménagères Font-Romeu-Odeillo-Via,200049716,SMF
1205,"SM départemental de transport, traitement et valorisation des ordures ménagères et déchets assimilés (SYDETOM)",256601501,SMF
1206,Eurométropole de Strasbourg,246700488,METRO
1207,CA de Haguenau,200067874,CA
1208,CC Sauer-Pechelbronn,200013050,CC
1209,CC du Ried de Marckolsheim,200030526,CC
1210,CC du Pays de Barr,200034270,CC
1211,CC du Kochersberg,200034635,CC
1212,CC de l'Outre-Forêt,200040178,CC
1213,CC de la Plaine du Rhin,200041283,CC
1214,CC du Pays Rhénan,200041325,CC
1215,CC de Hanau-La Petite Pierre,200067783,CC
1216,CC de l'Alsace Bossue,200067841,CC
1217,CC du Canton d'Erstein,200067924,CC
1218,CC du Pays de Saverne,200068112,CC
1219,CC de la Mossig et du Vignoble,200068864,CC
1220,CC de la Vallée de la Bruche,246700306,CC
1221,CC des Portes de Rosheim,246700744,CC
1222,CC de la Vallée de Villé,246700777,CC
1223,CC de la Basse-Zorn,246700843,CC
1224,CC du Pays de Wissembourg,246700926,CC
1225,CC du Pays de la Zorn,246700959,CC
1226,CC de Sélestat,246700967,CC
1227,CC de la Région de Molsheim-Mutzig,246701064,CC
1228,CC du Pays de Sainte-Odile,246701080,CC
1229,CC du Pays de Niederbronn-les-Bains,246701098,CC
1230,SIVOM de la région de Wissembourg,246700462,SIVOM
1231,SM pour la collecte et le traitement des ordures ménagères de Molsheim et environs ,200051878,SMF
1232,Syndicat Mixte Intercommunal pour la Collecte et le Traitement des Ordures Ménagères du Nord Alsace,256701244,SMF
1233,SM pour la collecte et de traitement des ordures ménagères de la région de Saverne,256701301,SMF
1234,SM pour le traitement des ordures ménagères du secteur de Haguenau - Saverne (SMITOM),256701871,SMF
1235,SM du Pays de la Mossig et de la Sommerau,256702937,SMF
1236,SM de collecte et de traitement des ordures ménagères d'Alsace Centrale,256702960,SMF
1237,PETR Sélestat - Alsace Centrale,200069680,PETR
1238,Pays de Saverne plaine et plateau,200074953,PETR
1239,PETR de la Bande Rhénane Nord,200083103,PETR
1240,PETR de l'Alsace du Nord,200086080,PETR
1241,PETR du Piémont des Vosges,200086197,PETR
1242,PETR Bruche Mossig,200089829,PETR
1243,AKochZorn,200089936,PETR
1244,CA Mulhouse Alsace Agglomération,200066009,CA
1245,CA Saint-Louis Agglomération,200066058,CA
1246,CA Colmar Agglomération,246800726,CA
1247,CC de Thann-Cernay,200036465,CC
1248,CC Pays Rhin - Brisach,200066025,CC
1249,CC Sud Alsace Largue,200066033,CC
1250,CC Sundgau,200066041,CC
1251,CC de la Vallée de Saint-Amarin,246800205,CC
1252,CC du Val d'Argent,246800395,CC
1253,CC du Centre du Haut-Rhin,246800445,CC
1254,"CC du Pays de Rouffach, Vignobles et Châteaux",246800494,CC
1255,CC de la Vallée de Kaysersberg,246800551,CC
1256,CC de la Région de Guebwiller,246800569,CC
1257,CC du Pays de Ribeauvillé,246800577,CC
1258,CC de la Vallée de Munster,246800585,CC
1259,CC de la Vallée de la Doller et du Soultzbach,246800676,CC
1260,SIVOM de la station climatique des trois épis,246800510,SIVOM
1261,SIVOM de l'agglomération mulhousienne,246800254,SMF
1262,SM à vocation multiple pour le traitement des déchets ménagers du secteur 4,256801531,SMF
1263,SI de traitement des déchets de Colmar et environs,256801697,SMF
1264,SM de Thann-Cernay pour la gestion des déchets ménagers et assimilés,256802208,SMF
1265,PETR du Pays Thur Doller,200049583,PETR
1266,PETR du Pays du Sundgau,200052173,PETR
1267,PETR du Pays Rhin-Vignoble-Grand Ballon,200073963,PETR
1268,CA de l'Ouest Rhodanien,200040566,CA
1269,CA Villefranche Beaujolais Saône,200040590,CA
1270,CC Beaujolais Pierres Dorées,200040574,CC
1271,CC des Monts du Lyonnais,200066587,CC
1272,CC Saône-Beaujolais,200067817,CC
1273,CC de l'Est Lyonnais (CCEL),246900575,CC
1274,CC du Pays de l'Arbresle (CCPA),246900625,CC
1275,CC des Vallons du Lyonnais (CCVL),246900724,CC
1276,CC du Pays Mornantais (COPAMO),246900740,CC
1277,CC de la Vallée du Garon (CCVG),246900757,CC
1278,CC du Pays de l'Ozon,246900765,CC
1279,Métropole de Lyon,200046977,MET69
1280,SM de l'Ouest Lyonnais,200035046,SMF
1281,"SM d'élimination, de traitement et de valorisation des déchets Beaujolais Dombes (SYTRAIVAL)",256900705,SMF
1282,SI de collecte et de traitement des ordures ménagères (SITOM Sud Rhône),256901133,SMF
1283,CA de Vesoul,247000011,CA
1284,CC des Hauts du Val de Saône,200036150,CC
1285,CC Val de Gray,200036549,CC
1286,CC de la Haute Comté,200041721,CC
1287,CC du Pays de Montbozon et du Chanois,200041853,CC
1288,CC du Triangle Vert,200041861,CC
1289,CC Terres de Saône,200041879,CC
1290,CC du Val Marnaysien,200041887,CC
1291,CC des Combes,247000367,CC
1292,CC des Quatre Rivières,247000623,CC
1293,CC du Pays de Lure,247000664,CC
1294,CC des Monts de Gy,247000698,CC
1295,CC du Pays Riolais,247000706,CC
1296,CC du Pays de Villersexel,247000714,CC
1297,CC du Pays d'Héricourt,247000722,CC
1298,CC du Pays de Luxeuil,247000755,CC
1299,CC Rahin et Chérimont,247000821,CC
1300,CC des 1000 étangs,247000854,CC
1301,Syndicat de collecte des ordures ménagères du Val de Saône,257001024,SMF
1302,SM de collecte des déchets ménagers des 2 rivières,257001040,SMF
1303,SYTEVOM SYndicat Transfert Elimination Valorisation des Ordures énagères,257003426,SMF
1304,PETR du Pays des Vosges Saônoises,200050300,PETR
1305,PETR du Pays Graylois,200050318,PETR
1306,CU Le Creusot Montceau-les-Mines,247100290,CU
1307,CA Mâconnais Beaujolais Agglomération,200070308,CA
1308,CA Le Grand Chalon,247100589,CA
1309,CC Saône Doubs Bresse,200040038,CC
1310,CC du Clunisois,200040293,CC
1311,CC Bresse Revermont 71,200042414,CC
1312,CC Mâconnais - Tournugeois,200069698,CC
1313,"CC Entre Arroux, Loire et Somme",200070316,CC
1314,CC du Grand Autunois Morvan,200070530,CC
1315,CC Brionnais Sud Bourgogne,200070548,CC
1316,CC Terres de Bresse,200071538,CC
1317,CC Bresse Louhannaise Intercom',200071579,CC
1318,CC Saint Cyr Mère Boitier entre Charolais et Mâconnais,200071645,CC
1319,CC Le Grand Charolais,200071884,CC
1320,CC de Marcigny,247100639,CC
1321,CC Bresse Nord Intercom',247100647,CC
1322,CC Entre Saône et Grosne,247103765,CC
1323,CC de Semur en Brionnais,247103864,CC
1324,CC  Sud Côte Chalonnaise,247104094,CC
1325,SIVOM de l'Arçon et de l'Urbise,247100019,SIVOM
1326,SI de collecte et d'élimination des déchets de Bresse Nord,200053122,SMF
1327,SIVOM du Louhannais,200075307,SMF
1328,SIRTOM de la région de Chagny,257102541,SMF
1329,SIRTOM de la vallée de la Grosne,257102830,SMF
1330,SM d'études et de traitement des déchets,257103341,SMF
1331,SM d'élimination et de valorisation des déchets et ordures ménagères (SMEVOM) du Charollais-Brionnais et Autunois,257103846,SMF
1332,PETR du Pays Charolais Brionnais,200050276,PETR
1333,PETR Mâconnais Sud Bourgogne,200076214,PETR
1334,CU Le Mans Métropole,247200132,CU
1335,CC Loué - Brûlon - Noyen,200040475,CC
1336,CC Maine Coeur de Sarthe,200068963,CC
1337,CC Loir-Lucé-Bercé,200070373,CC
1338,CC Maine Saosnois,200072676,CC
1339,CC Le Gesnois Bilurien,200072684,CC
1340,CC des Vallées de la Braye et de l'Anille,200072692,CC
1341,CC Haute Sarthe Alpes Mancelles,200072700,CC
1342,CC de la Champagne Conlinoise et du Pays de Sillé,200072718,CC
1343,CC Sud Sarthe,200073112,CC
1344,CC de Sablé-sur-Sarthe,247200090,CC
1345,CC du Pays Fléchois,247200348,CC
1346,CC du Sud Est du Pays Manceau,247200421,CC
1347,CC Orée de Bercé - Belinois,247200447,CC
1348,CC du Val de Sarthe,247200629,CC
1349,CC du Pays de l'Huisne Sarthoise,247200686,CC
1350,SM du Val de Loir pour collectes et traitement des déchets,257200147,SMF
1351,SMIRGEOM du Nord Ouest de la Sarthe,257201251,SMF
1352,Syndicat mixte de valorisation des ordures ménagères - Loir et Sarthe (SYVALORM Loir et Sarthe),257201376,SMF
1353,SM du Pays vallée de la Sarthe,200001873,SMO
1354,SM d'étude pour l'élimination des déchets du secteur Sud de la Sarthe,257201988,SMO
1355,SM du Pays de la Haute Sarthe,257202358,SMO
1356,PETR Pays vallée du Loir,200076396,PETR
1357,CA Grand Lac,200068674,CA
1358,CA Arlysère,200068997,CA
1359,CA du Grand Chambéry,200069110,CA
1360,CC Coeur de Tarentaise,200023299,CC
1361,CC Val Vanoise,200040798,CC
1362,CC Coeur de Savoie,200041010,CC
1363,CC Haute Maurienne Vanoise,200070340,CC
1364,CC Coeur de Maurienne Arvan,200070464,CC
1365,CC des Vallées d'Aigueblanche,247300015,CC
1366,CC de Haute-Tarentaise,247300254,CC
1367,CC de Yenne,247300262,CC
1368,CC du Canton de La Chambre,247300361,CC
1369,CC Maurienne Galibier,247300452,CC
1370,CC Val Guiers,247300528,CC
1371,CC du Lac d'Aiguebelette (CCLA),247300668,CC
1372,CC Porte de Maurienne,247300676,CC
1373,CC Les Versants d'Aime,247300817,CC
1374,SM Savoie déchets,200023364,SMF
1375,SIRTOM Maurienne,257301457,SMF
1376,CA Annemasse-Les Voirons-Agglomération,200011773,CA
1377,CA du Grand Annecy,200066793,CA
1378,CA Thonon Agglomération,200067551,CA
1379,CC Faucigny-Glières,200000172,CC
1380,CC de la Vallée de Chamonix-Mont-Blanc,200023372,CC
1381,CC Cluses-Arve et Montagnes,200033116,CC
1382,CC des Montagnes du Giffre,200034098,CC
1383,CC Pays du Mont-Blanc,200034882,CC
1384,CC Usses et Rhône,200070852,CC
1385,CC Pays d'Evian Vallée d'Abondance,200071967,CC
1386,CC de la Vallée Verte,247400047,CC
1387,CC du Pays de Cruseilles,247400112,CC
1388,CC Fier et Usses,247400567,CC
1389,CC Arve et Salève,247400583,CC
1390,CC des Vallées de Thônes,247400617,CC
1391,CC des Quatre Rivières,247400666,CC
1392,CC du Haut-Chablais,247400682,CC
1393,CC du Genevois,247400690,CC
1394,CC du Pays Rochois,247400724,CC
1395,CC Rumilly Terre de Savoie,247400740,CC
1396,CC des sources du lac d'Annecy,247400773,CC
1397,SIVOM de la région de Cluses,247400799,SMF
1398,SI du traitement des ordures ménagères des vallées du Mont-Blanc,257400663,SMF
1399,Syndicat de traitement des ordures du Chablais,257401463,SMF
1400,Métropole du Grand Paris,200054781,METRO
1401,SM central de traitement des ordures ménagères (SYCTOM),257500074,SMF
1402,Métropole Rouen Normandie,200023414,METRO
1403,Le Havre Seine Métropole,200084952,CU
1404,CA Caux Seine Agglo,200010700,CA
1405,CA Fécamp Caux Littoral Agglomération,200069821,CA
1406,CA de la Région Dieppoise,247600786,CA
1407,CC Terroir de Caux,200068534,CC
1408,CC interrégionale Aumale - Blangy-sur-Bresle,200069722,CC
1409,CC des 4 rivières,200069730,CC
1410,CC de la Côte d'Albâtre,200069839,CC
1411,CC Plateau de Caux-Doudeville-Yerville,200069847,CC
1412,CC Communauté Bray-Eawy,200070068,CC
1413,CC inter-Caux-Vexin,200070449,CC
1414,CC Campagne-de-Caux,247600505,CC
1415,CC des Villes Soeurs,247600588,CC
1416,CC de Londinières,247600604,CC
1417,CC Yvetot Normandie,247600620,CC
1418,CC Caux - Austreberthe,247600646,CC
1419,CC Falaises du Talou,247600729,CC
1420,Syndicat des ordures ménagères des vallées de l'Austreberthe et Seine (SOMVAS),200074359,SMF
1421,Syndicat départemental d'énergie de Seine-Maritime,257600445,SMF
1422,SM d'élimination des déchets de l'arrondissement de Rouen (SMEDAR),257604371,SMF
1423,Syndicat d'élimination et de valorisation énergétique des déchets de l'estuaire (SEVEDE),257604405,SMF
1424,SM de traitement et de valorisation des déchets du Pays de Caux (SMITVAD),257604710,SMF
1425,PETR interrégional Bresle Yères,200049427,PETR
1426,PETR du Pays de Bray,200049591,PETR
1427,PETR Pays plateau de Caux-Maritime,200049609,PETR
1428,Pays Dieppois - Terroir de Caux,200049617,PETR
1429,CA Paris - Vallée de la Marne,200057958,CA
1430,CA du Pays de Meaux,200072130,CA
1431,CA du Pays de Fontainebleau,200072346,CA
1432,CA Coulommiers Pays de Brie,200090504,CA
1433,CA Melun Val de Seine,247700057,CA
1434,CA Val d'Europe Agglomération,247700339,CA
1435,CA Marne et Gondoire,247700594,CA
1436,CC Les Portes Briardes Entre Villes et Forêts,200023125,CC
1437,CC Pays de Nemours,200023240,CC
1438,CC Gâtinais Val de Loing,200023919,CC
1439,CC Plaines et Monts de France,200033090,CC
1440,CC du Provinois,200037133,CC
1441,CC Bassée-Montois,200040251,CC
1442,CC Brie des Rivières et Châteaux,200070779,CC
1443,CC des Deux Morin,200072544,CC
1444,CC Val Briard,200072874,CC
1445,CC Moret Seine et Loing,247700032,CC
1446,CC du Pays de l'Ourcq,247700065,CC
1447,CC Pays de Montereau,247700107,CC
1448,CC l'Orée de la Brie,247700644,CC
1449,CC Brie Nangissienne,247700701,CC
1450,SMF enlèvement et traitement des résidus ménagers de la région de Lagny-sur-Marne,257701631,SMF
1451,COVALTRI 77,257701656,SMF
1452,SMF collecte et traitement des ordures ménagères de la région de Fontainebleau,257701698,SMF
1453,Syndicat de la région de Montereau-Fault-Yonne pour le traitement des ordures ménagères (SIRMOTOM),257701748,SMF
1454,SM pour l'enlèvement et le traitement des ordures ménagères de la vallée du Loing,257703389,SMF
1455,SMF enlèvement et traitement des ordures ménagères de la région de Tournan-en-Brie,257703546,SMF
1456,SM de traitement des ordures ménagères et assimilées du centre Ouest seine et marnais (SMITOMCO),257705277,SMF
1457,SMF Est Seine-et-Marne pour le traitement des ordures ménagères (SMETOM-GEEODE),257705293,SMF
1458,Syndicat de traitement des déchets ménagers (SYTRADEM du Sud Est Seine-et-Marne),257705574,SMF
1459,SMO traitement des ordures ménagères du Nord Seine et Marne,257704916,SMO
1460,CU Grand Paris Seine et Oise,200059889,CU
1461,CA Saint Germain Boucles de Seine,200058519,CA
1462,CA de Saint Quentin en Yvelines,200058782,CA
1463,CA Rambouillet Territoires,200073344,CA
1464,CA Versailles Grand Parc (CAVGP),247800584,CA
1465,CC de la Haute Vallée de Chevreuse,200033173,CC
1466,CC Gally Mauldre,200034130,CC
1467,CC Les Portes de l'Ile de France,200071074,CC
1468,CC du Pays Houdanais (CCPH),247800550,CC
1469,CC Coeur d'Yvelines,247800618,CC
1470,VALOSEINE,200062461,SMF
1471,SI d'évacuation et d'élimination des déchets de l'Ouest Yvelines (SIEED),257800300,SMF
1472,SI pour la destruction des ordures ménagères et la production d'énergie (SIDOMPE),257800375,SMF
1473,SI pour le traitement des résidus urbains de la Boucle de la Seine,257800656,SMF
1474,SI de collecte et de traitement des ordures ménagères de la région de Rambouillet (SICTOM),257801290,SMF
1475,CA du Bocage Bressuirais,200040244,CA
1476,CA du Niortais,200041317,CA
1477,CC de Parthenay-Gâtine,200041333,CC
1478,CC Airvaudais-Val du Thouet,200041416,CC
1479,CC Haut Val de Sèvre,200041994,CC
1480,CC Val de Gâtine,200069748,CC
1481,CC Mellois en Poitou,200069755,CC
1482,CC du Thouarsais,247900798,CC
1483,SI d'énergie des Deux-Sèvres (SIEDS),200091049,SMF
1484,SM à la carte du Haut Val de Sèvre et Sud Gâtine,257902353,SMF
1485,SM de traitement et d'élimination des déchets des Deux-Sèvres (SMITED),257902296,SMO
1486,PETR du Pays de Gâtine,200072189,PETR
1487,CA de la Baie de Somme,200070993,CA
1488,CA Amiens Métropole,248000531,CA
1489,CC de la Haute Somme (Combles - Péronne - Roisel),200037059,CC
1490,CC Terre de Picardie,200070928,CC
1491,CC Ponthieu-Marquenterre,200070936,CC
1492,CC du Vimeu,200070944,CC
1493,CC du Territoire Nord Picardie,200070951,CC
1494,CC Avre Luce Noye,200070969,CC
1495,CC du Grand Roye,200070977,CC
1496,CC de l'Est de la Somme,200070985,CC
1497,CC Somme Sud-Ouest,200071181,CC
1498,CC Nièvre et Somme,200071223,CC
1499,CC du Val de Somme,248000499,CC
1500,CC du Pays du Coquelicot,248000747,CC
1501,SIVOM d'Ault,248000051,SIVOM
1502,SIVOM de Gamaches,248000143,SIVOM
1503,SMIRTOM du plateau picard Nord,200044378,SMF
1504,TRINOVAL,258002344,SMF
1505,SMITOM du Santerre,258004571,SMF
1506,Pôle Métropolitain du Grand Amiénois,200082063,POLEM
1507,PETR Coeur des Hauts-de-France,200078244,PETR
1508,CA Gaillac-Graulhet,200066124,CA
1509,CA de Castres Mazamet,248100430,CA
1510,CA de l'Albigeois (C2A),248100737,CA
1511,CC Tarn-Agout,200034023,CC
1512,CC des Monts d'Alban et du Villefranchois,200034031,CC
1513,CC Centre Tarn,200034049,CC
1514,CC du Lautrécois et du Pays d'Agout,200034056,CC
1515,CC du Cordais et du Causse (4 C),200034064,CC
1516,CC Carmausin-Ségala,200040905,CC
1517,CC des Monts de Lacaune et de la Montagne du Haut Languedoc,200066553,CC
1518,CC Sidobre Vals et Plateaux,200066561,CC
1519,CC du Sor et de l'Agout,248100158,CC
1520,CC Val 81,248100497,CC
1521,CC Thoré Montagne Noire,248100745,CC
1522,SICTOM secteur Valence Valderiès,200073807,SMF
1523,SM pour la collecte et le traitement des ordures ménagères de la région de Lavaur,200075711,SMF
1524,Pôle territorial de l'Albigeois et des Bastides,200049161,PETR
1525,PETR des Hautes Terres d'Oc,200052660,PETR
1526,PETR du Pays de Cocagne,200053544,PETR
1527,CA Grand Montauban,248200099,CA
1528,CC du Pays de Serres en Quercy,200040418,CC
1529,CC Terres des Confluences,200066322,CC
1530,CC Grand Sud Tarn et Garonne,200066652,CC
1531,CC Quercy Vert-Aveyron,200066884,CC
1532,CC Coteaux et Plaines du Pays Lafrançaisain,200067122,CC
1533,CC des Deux Rives,248200016,CC
1534,CC du Quercy Caussadais,248200057,CC
1535,CC de la Lomagne Tarn-et-Garonnaise,248200065,CC
1536,CC du Quercy Rouergue et des Gorges de l'Aveyron,248200107,CC
1537,SM enlèvement et élimination des ordures ménagères groupement moyenne Garonne,258200658,SMF
1538,SM d'enlèvement et d'élimination des ordures ménagères du Sud-Quercy,258200856,SMF
1539,SM du traitement des ordures menagères et autres déchets (SIRTOMAD),258201029,SMF
1540,Syndicat départemental des déchets ,258201367,SMO
1541,PETR Pays Midi-Quercy,200049690,PETR
1542,PETR Garonne-Quercy-Gascogne,200060523,PETR
1543,Métropole Toulon-Provence-Méditerranée,248300543,METRO
1544,Estérel Côte d'Azur Agglomération,200035319,CA
1545,CA de la Provence Verte,200068104,CA
1546,CA Sud Sainte Baume,248300394,CA
1547,Dracénie Provence Verdon Agglomération,248300493,CA
1548,CC du Pays de Fayence,200004802,CC
1549,CC Méditerranée Porte des Maures,200027100,CC
1550,CC du Golfe de Saint-Tropez,200036077,CC
1551,CC Provence Verdon,200040202,CC
1552,CC Lacs et Gorges du Verdon,200040210,CC
1553,CC de la Vallée du Gapeau,248300410,CC
1554,CC Coeur du Var,248300550,CC
1555,SM du Haut Var,200046852,SMF
1556,SM de la zone du Verdon,248300089,SMF
1557,SM du développement durable de l'Est Var pour le traitement et la valorisation des déchets ménagers,258300581,SMF
1558,SM de transport et de traitement des ordures ménagères de l'aire toulonnaise (SITTOMAT),258300953,SMF
1559,Syndicat de valorisation et d'élimination des déchets nouvelle génération (SIVED NG),258302637,SMF
1560,CA Luberon Monts de Vaucluse,200040442,CA
1561,CA Ventoux-Comtat-Venaissin (COVE),248400053,CA
1562,CA du Grand Avignon (COGA),248400251,CA
1563,CC Rhône Lez Provence,200000628,CC
1564,CC Ventoux Sud,200035723,CC
1565,CC Pays d'Apt-Luberon,200040624,CC
1566,CC Enclave des Papes-Pays de Grignan,200040681,CC
1567,CC Aygues-Ouvèze en Provence (CCAOP),248400160,CC
1568,CC du Pays Réuni d'Orange,248400236,CC
1569,CC Territoriale Sud-Luberon,248400285,CC
1570,CC des Sorgues du Comtat,248400293,CC
1571,CC du Pays des Sorgues et des Monts de Vaucluse,248400319,CC
1572,CC Vaison Ventoux,248400335,CC
1573,SM pour la valorisation des déchets du pays d'Avignon (SIDOMRA),258400134,SMF
1574,"SM intercommunautaire pour l'étude, la construction et l'exploitation d'unités de traitement des ordures ménagères de la région de Cavaillon (SIECEUTOM)",258400472,SMF
1575,SM ramassage et traitement ordures ménagères de la région d'Apt (SIRTOM d'Apt),258402510,SMF
1576,SM chargé du SCOT de la région de Cavaillon,258403013,SMF
1577,CA Les Sables d'Olonne Agglomération,200071165,CA
1578,CA La Roche sur Yon - Agglomération,248500589,CA
1579,CC du Pays de Saint-Gilles-Croix-de-Vie,200023778,CC
1580,"CC Terres de Montaigu, CC Montaigu-Rocheservière",200070233,CC
1581,CC Challans-Gois Communauté,200071629,CC
1582,CC Vendée Grand Littoral,200071900,CC
1583,CC du Pays de Saint-Fulgent - Les Essarts,200071918,CC
1584,CC du Pays de Fontenay-Vendée,200071934,CC
1585,CC de Vie et Boulogne,200072882,CC
1586,CC Sud Vendée Littoral,200073260,CC
1587,CC de l'Ile de Noirmoutier,248500191,CC
1588,CC Océan Marais de Monts,248500258,CC
1589,CC Pays de Chantonnay,248500340,CC
1590,CC du Pays de la Châtaigneraie,248500415,CC
1591,CC du Pays de Pouzauges,248500464,CC
1592,CC du Pays des Achards,248500530,CC
1593,"CC Vendée, Sèvre, Autise",248500563,CC
1594,CC du Pays des Herbiers,248500621,CC
1595,CC du Pays de Mortagne,248500662,CC
1596,SYCODEM Sud Vendée,258500446,SMF
1597,Syndicat de collecte des ordures ménagères (SCOM) de l'Est Vendéen,258500651,SMF
1598,SM départemental d'études et de traitement des déchets ménagers et assimilés de Vendée (TRIVALIS),258502962,SMF
1599,CU du Grand Poitiers,200069854,CU
1600,CA Grand Châtellerault,248600413,CA
1601,CC des Vallées du Clain,200043628,CC
1602,CC du Haut-Poitou,200069763,CC
1603,CC du Civraisien en Poitou,200070035,CC
1604,CC Vienne et Gartempe,200070043,CC
1605,CC du Pays Loudunais,248600447,CC
1606,Syndicat interdépartemental mixte pour l'équipement rural,258600493,SMO
1607,CU Limoges Métropole,248719312,CU
1608,CC Briance Sud Haute Vienne,200040814,CC
1609,CC Porte Océane du Limousin,200059400,CC
1610,CC Elan Limousin Avenir Nature,200066512,CC
1611,CC Ouest Limousin,200066520,CC
1612,CC Pays de Nexon Monts de Chalus,200070506,CC
1613,CC Haut Limousin en Marche,200071942,CC
1614,CC du Pays de Saint Yrieix,248700189,CC
1615,CC Gartempe - Saint Pardoux,248719262,CC
1616,CC du Val de Vienne,248719288,CC
1617,CC Briance-Combade,248719338,CC
1618,CC des Portes de Vassivière,248719353,CC
1619,CC de Noblat,248719361,CC
1620,SI de collecte et de traitement des ordures ménagères de Sud Haute-Vienne,258718741,SMF
1621,SM départemental pour l'élimination des déchets ménagers et assimilés,258700251,SMO
1622,PETR du Pays Monts et Barrages,200049278,PETR
1623,CA d'Epinal,200068757,CA
1624,CA de Saint-Dié-des-Vosges,200071066,CA
1625,CC de la Région de Rambervillers,200005957,CC
1626,CC des Ballons des Hautes-Vosges,200033868,CC
1627,CC Bruyères-Vallons des Vosges,200042000,CC
1628,CC de Mirecourt Dompaire,200068369,CC
1629,CC de la Porte des Vosges Méridionales,200068377,CC
1630,CC de l'Ouest Vosgien,200068559,CC
1631,CC Terre d'Eau,200068682,CC
1632,CC des Vosges côté Sud Ouest,200068773,CC
1633,CC des Hautes Vosges,200071157,CC
1634,SIVOM de Grand,248800088,SIVOM
1635,SI de la vallée de la Roche-Harchéchamp,248800245,SIVOM
1636,SM de collecte et de traitement des déchets ménagers et assimilés de la région de Lerrain,200071280,SMF
1637,SM de collecte et de valorisation des déchets ménagers de la région d'Epinal,258801422,SMF
1638,ÉVODIA,258802560,SMF
1639,SM du Pays d'Epinal - Coeur des Vosges,200048726,PETR
1640,SM du Pays de la Déodatie,200049658,PETR
1641,PETR de la Plaine des Vosges,200051175,PETR
1642,PETR Pays de Remiremont et de ses vallées,200051738,PETR
1643,CA de l'Auxerrois,200067114,CA
1644,CA du Grand Sénonais,248900334,CA
1645,CC Le Tonnerrois en Bourgogne,200039642,CC
1646,CC du Serein,200039709,CC
1647,"CC Avallon, Vézelay, Morvan",200039758,CC
1648,CC Chablis Villages et Terroirs,200067080,CC
1649,CC de Puisaye-Forterre,200067130,CC
1650,CC Serein et Armance,200067304,CC
1651,CC de l'Agglomération Migennoise,248900383,CC
1652,CC de l'Aillantais en Bourgogne,248900524,CC
1653,CC de la Vanne et du Pays d'Othe,248900664,CC
1654,CC du Gâtinais en Bourgogne,248900748,CC
1655,CC Yonne Nord,248900896,CC
1656,CC du Jovinien,248900938,CC
1657,PETR du Nord de l'Yonne,200049286,PETR
1658,PETR du Grand Auxerrois,200050904,PETR
1659,PETR du Pays Avallonnais,200073278,PETR
1660,CA Grand Belfort,200069052,CA
1661,CC des Vosges du Sud,200069060,CC
1662,CC du Sud Territoire,249000241,CC
1663,SM pour la collecte et le traitement des ordures ménagères de la zone sous-vosgienne,200075133,SMF
1664,SM d'études et de réalisation pour le traitement intercommunal des déchets,259000735,SMF
1665,CA Etampois Sud Essonne,200017846,CA
1666,CA Communauté Paris-Saclay,200056232,CA
1667,CA Coeur d'Essonne Agglomération,200057859,CA
1668,CA Val d'Yerres Val de Seine,200058477,CA
1669,CA Grand Paris Sud Seine Essonne Sénart,200059228,CA
1670,CC du Pays de Limours (CCPL),249100074,CC
1671,CC des 2 Vallées,249100157,CC
1672,CC du Val d'Essonne (CCVE),249100546,CC
1673,CC Entre Juine et Renarde (CCEJR),249100553,CC
1674,CC le Dourdannais en Hurepoix (CCDH),249100595,CC
1675,SM des ordures ménagères de la vallée de Chevreuse,200062321,SMF
1676,SIRTOM du Sud-Francilien,200066959,SMF
1677,"Syndicat pour l'innovation, le recyclage et l'énergie par les déchets et ordures ménagères (SIREDOM) - Agence Sud Francilienne pour l'énergie, les déchets et l'environnement",200077832,SMF
1678,SM Massy-Antony-Hauts-de-Bièvre pour le chauffage urbain et le traitement des résidus ménagers (SIMACUR),259100741,SMF
1679,SM d'élimination des déchets de la région d'Etampes (SEDRE),259101988,SMF
1680,SM de la vallée de l'Yerres et des Sénarts,259102705,SMF
1681,Vallée Sud-Grand Paris,200057966,EPT
1682,Grand Paris Seine Ouest,200057974,EPT
1683,Paris Ouest La Défense,200057982,EPT
1684,Boucle Nord de Seine,200057990,EPT
1685,Plaine Commune,200057867,EPT
1686,Est Ensemble,200057875,EPT
1687,Paris Terres d'Envol,200058097,EPT
1688,Grand Paris Grand Est,200058790,EPT
1689,SM de traitement des déchets urbains du Val-de-Marne (SMITDUVM),259400992,SMF
1690,#ParisEstMarne&Bois,200057941,EPT
1691,Grand Paris Sud Est Avenir,200058006,EPT
1692,Grand-Orly Seine Bièvre,200058014,EPT
1693,CA Roissy Pays de France,200055655,CA
1694,CA Plaine Vallée,200056380,CA
1695,CA Val Parisis,200058485,CA
1696,CA de Cergy-Pontoise,249500109,CA
1697,CC Vexin Centre,200035970,CC
1698,CC Carnelle Pays-de-France,200073013,CC
1699,CC Sausseron Impressionnistes,249500430,CC
1700,CC de la Vallée de l'Oise et des Trois Forêts,249500455,CC
1701,CC du Haut Val d'Oise,249500489,CC
1702,CC du Vexin-Val de Seine,249500513,CC
1703,SM pour la valorisation des déchets ménagers dénommé Azur,259500023,SMF
1704,SM pour la collecte et le traitement des ordures ménagères de la région de L'Isle-Adam (SICTOMIA) ,259500288,SMF
1705,SM Tri-Action,259501211,SMF
1706,SM de ramassage et de traitement des ordures ménagères du Vexin (SMIRTOM du Vexin),259501252,SMF
1707,SM pour la gestion et l'incinération des déchets urbains de la région de Sarcelles  (SIGIDURS),259502086,SMF
1708,SM pour la collecte et le traitement des déchets de la vallée de Montmorency dénommé Syndicat Émeraude,259502367,SMF
1709,CA CAP Excellence,200018653,CA
1710,CA La Riviéra du Levant,200041507,CA
1711,CA du Nord Grande Terre,200044691,CA
1712,CA du Nord Basse-Terre,249710062,CA
1713,CA Grand Sud Caraïbe,249710070,CA
1714,CC de Marie-Galante,249710047,CC
1715,Syndicat de valorisation des déchets,200044709,SMO
1716,SM d'Innovation et de Valorisation de Guadeloupe (SINNOVAL Guadeloupe),200095834,SMO
1717,CA du Pays Nord Martinique,200041788,CA
1718,CA de l'Espace Sud de la Martinique,249720053,CA
1719,CA du Centre de la Martinique,249720061,CA
1720,Syndicat martiniquais pour le traitement et la valorisation des déchets,259720084,SMF
1721,CA du Centre Littoral,249730045,CA
1722,CC des Savanes,200027548,CC
1723,CC de l'Ouest Guyanais,249730037,CC
1724,CC de l'Est Guyanais,249730052,CC
1725,CA CIVIS (Communauté Intercommunale des Villes Solidaires),249740077,CA
1726,CA du Sud,249740085,CA
1727,CA Intercommunale de la Réunion Est (CIREST),249740093,CA
1728,CA Territoire de la Côte Ouest (TCO),249740101,CA
1729,CA Intercommunale du Nord de la Réunion (CINOR),249740119,CA
1730,SM de traitement des déchets des microrégions Sud et Ouest de La Réunion,200045342,SMO
1731,SM de traitement des déchets des microrégions Nord et Est de la Réunion,200050052,SMO
1732,CA de Dembeni / Mamoudzou,200060457,CA
1733,CA du Grand Nord de Mayotte,200060465,CA
1734,CC de Petite-Terre,200050532,CC
1735,CC du Centre-Ouest,200059871,CC
1736,CC du Sud,200060473,CC
1737,SI d'élimination et de valorisation des déchets de Mayotte,200089886,SMF
